bank	addr	current_name	impact	class	evidence	suggested
10	8421	SubtractBattleRecordValue	High	wrong-behavior	Computes headroom = cap($03..) - current($72..), clamps amount($76..) to headroom, then ADDs amount into the record via STA ($79),Y ($8449-$845D); it is a capped add, not a subtraction	AddToBattleRecordValueCapped
10	841E	LoadAndSubtractPrimaryBattleRecordValue	High	wrong-behavior	Loads the cap from the record span then falls into the capped add at $8421	LoadCapAndAddToBattleRecordValue
10	8660	SubtractBattleRecordMaximumValue	High	wrong-behavior	Sets Y=$0E and enters the capped add with the record's own maximum as cap (heal up to maximum)	AddToBattleRecordValueCappedAtMaximum
10	867B	CompareBattleSpanAgainstTenMillion	High	wrong-behavior	Handler for BRK $27,$43 (victory EXP award at $12:$883E); cap $989680 then capped add into the record	AddExperienceCappedBelowTenMillion
10	868D	CompareTotalGoldAgainst99999	High	wrong-behavior	Handler for BRK $4B,$33 (victory gold at $12:$8876); loads SaveTotalGold, cap $01869F, capped add	AddGoldCappedAt99999
10	866D	CompareBattleValueAgainst99	High	wrong-behavior	Cap $63 then capped add (same shared tail $8421)	AddToBattleValueCappedAt99
10	8669	CompareBattleSpanAgainstFFThreshold	High	wrong-behavior	Cap $FF then capped add (same shared tail)	AddToBattleValueCappedAt255
10	8873-8AE7,A2DB-A2EB	(25 labels: *BattleRoster*, CountNonEmptyBattleRosterSlots, ClassifyBattleRosterByteIntoThresholdBucket, ReflagBattleRosterEntryByBucketMode0-3, CountBattleRosterMatchesMode0-3, FindPartyMemberByBattleRosterValue, ...)	High	wrong-domain	"Battle roster slots" are character-record bytes $13-$1A (8 slots, $FF empty, bit 7 flag) = each character's 8-item inventory; ClassifyBattleRosterByteIntoThresholdBucket compares with $10:$8B00 = 36/61/70/80, exactly the first armor (Basic Clothes), shield (Leather Shield), helmet (Leather Hat) and non-equipment item (Meteorite Armband); bucket = weapon/armor/shield/helmet/other; bit 7 = equipped	Rename to inventory/equipment vocabulary: CountInventoryItems, AddItemToFirstFreeInventorySlot, RemoveInventoryItemAndCompact, ClassifyItemEquipmentType, UnequipItemsOfType, CountEquipmentOfTypeMode0..3 (weapon/armor/shield/helmet), FindPartyMemberCarryingItem
10	8301-835C,9F83	LoadPartyMemberBattleRecordPointer, LoadBattleRecordPointerByCharacterId, ResolveCurrentPartyMemberBattleRecordPointer (+ every "BattleRecord" name in bank $10 $8000-$A0FF)	High	vocabulary-conflict	Table $10:$9F83 points at battery SRAM $6001+30n (10 characters) and $610F+6n: the saved character records (level byte 5, EXP, stats, inventory $13-$1A). The same words "battle record" are used for $7210+10n (table $9FAD, in-battle party copies) and $7274+14n (table $AB06, combatants). Three structures share one name; save-ram.tsv names none of them	Name the three structures (CharacterRecord $6001, BattlePartyRecord $7210, CombatantRecord $7274) in save-ram.tsv/ram.inc and use them in label names
10	A98C,A991,A97E,A993	ClampPrimaryBattleStatTo999, ClampSecondaryBattleStatTo999, ClampBattleRecordValueTo255, ClampBattleRecordValueTo999	Medium	partial-behavior	Each seeds a cap and tails into AddAndClampBattleRecordValue ($A9DC), which adds the operand to the field and clamps; the names say clamp only	AddToPrimaryBattleStatCappedAt999 etc.
10	A96E	SeedFF00AndDispatchBattleSpanUpdate	Low	mechanical	Operand-constant name	Name by purpose once the op is identified
10	A9D5	ClearBattleRecordControlByte0C	Low	mechanical	Field-offset name	Name the field
10	81B9	HandleInvalidBattlePartyTarget	Low	incomplete	Region prints $01CA-$01CF ("mun", "Bank <n>", "Fank <n>", "p1 <n>") with track $12: a developer error screen showing a bank number	Note that it is a debug/error display
10	ACB8-BC7C	(~75 labels: *BattleSelectionMask*, TestGroup10Index0Through*, TestGroup11Index1ThroughSlotScan, TestGroup14Index4ThroughMaskBuilder, FilterBattleSelectionMaskByRule02Scan, RequireMultipleRule02Candidates, ExcludeRule02MatchedSlotsFromSelection, RequireThirdSelector*, FilterSelectionMaskBySource05Complement, ...)	Medium	opaque-cluster	Battle action planner / target-selection predicates. Names are internally consistent but encode unexplained constants: "Rule02" filters call CompareCurrentHpWithMaximumHp and SubtractDividedBattleValueFromInlinePair (an HP-ratio test); "GroupNN IndexN" and "Source05" are table selectors. A reader cannot tell which AI rule each predicate implements	Decode the predicate table ($10:$B49B, 120 entries) and name each predicate by the condition it tests (e.g. KeepTargetsBelowHpFraction)
11	8E96,8E9B,8EE9	ResetBattleActionSoundState, ResetBattleActionSoundStateAndAdvance, FinalizeBattleSoundState (20+11+6 callers)	High	wrong-behavior	Bodies are BRK $E2,$D3,$00 / $F2,$D3,$04 / $F2,$D3,$00: the battle message printer in mode 2 (first&3=2), which $12:$81BD sends to $12:$82FC: that routine takes the current action ID (BRK $03,$1F) and indexes the per-action message table at $12:$848D, printing that action's step-N message. No audio is touched	PrintActionMessageStep0 / PrintActionMessageStep4AndAdvance / PrintActionMessageStep0AndFinish
12	82FC,848D	BattleSetup_ParseRecordStream, Bank12_BattleSetupDataPointers	High	wrong-behavior	Looks up the message for (current action, step) in the action message table	LookupActionStepMessage, Bank12_ActionMessageTable
11	96DB	ClearBattleModeBitZero (7 callers)	Medium	partial-behavior	Clears a flag, initializes counters, then runs ResolvePhysicalHit (called/tail-called 4 ways): it is the physical-attack entry	RunPhysicalAttack (or name the preamble separately)
11	927C,9286	WriteBattleResultParameter0, WriteBattleResultParameter1	Medium	mechanical	Service targets are BattleTurnEngine_RemoveResolvedTurnSlot and BattleTurnEngine_BlinkResolvedTurnSlot	RemoveCombatantFromTurnDisplay / BlinkCombatantTurnSlot
11	A3F7	QueueBattleActionInterruptionIfEligible (16 callers)	High	wrong-behavior	Body: if BattleSetupModeFlags >= 0, BRK $07,$6F,$2B, then (chapter-5 gate) BRK $07,$6F,$4D and RTS. BRK $07,$6F is the bank-$16 text/UI record service (ProcessTextUiRecordWithInlineValuePreserveXY): it draws UI records $2B and $4D. Nothing is queued; the note's "action-$0D/$9F" does not appear in the code	RedrawBattleUiRecords2BAnd4D (name the records once bank $16's record table is decoded)
11	9CAD-9D90	QueueBattleResult13Index03WhenEligible, QueueBattleResult13Index00, QueueBattleResult10Index00, QueueBattleResult14Index04, QueueBattleResult16Index06, QueueBattleResult17Index07, QueueBattleResult15Index05, QueueBattleResult06Index0DWhenAllowed, QueueBattleResult11ByTargetState (+ QueueBattleResultPairAndResolve)	Medium	mechanical-cluster	Result/index pairs are passed to QueueBattleResultPairAndResolve, which merges packed record bits and prints the result through the battle message printer; the pair numbers are the only content of the names	Decode the result codes (status/effect IDs) and name by effect
11	9EDD-A01F	EmitBattleResult*, AdvancePrimaryBattleResultMagnitude, AdvanceAlternateBattleResultMagnitude, CopyBattleSelectionByteTo70/7D, BuildPrimary/AlternateBattleResultSequence	Medium	opaque-cluster	"Marker sequence" / "result magnitude" vocabulary over pairs $6F-$70 and $7C-$7D; these write the effect amount into the target side's record through the capped add/subtract services	Name by effect (apply HP/MP change to target side)
11	9F89	ScaleBattleSelectionWordByThreeHalves	Low	stale-vocabulary	Missed by the $7361 rename (its twin at $981E is ScaleBattleDamageAmountByThreeHalves); note still says "battle selection word"	ScaleBattleDamageAmountByThreeHalves (merge or disambiguate)
11	A02D,A047,A293,A19A,A1A9,A9F0,AAE0,AAEE,AC3A	ResolveNoEffectWithPath06, SetBattleRouteByte71To05, ClearBattleScratchByte06AndSetCarry, ResolveBattleSlotForQueuedAction84, ResolveAndCommitQueuedAction84, LoadBattleSelectionForSlot41Or42, HandleBattleActionBATargetCue, ResolveBattleActionBBSelection, RejectBattleActionIds3E3FF3F4	Low	mechanical	Names carry raw route/action/byte numbers only	Name the actions once action IDs are mapped to spells/abilities
11	AAB1	DecrementBattleSelectionNibbleAndReset	Low	incomplete	Region prints $0141 "X passes through it and disappears somewhere!" when the countdown nibble empties	Name the timed effect that expires
11	B0BA-B0D0	DisplayBattleActionNarration, DisplayBattleActionMessage13, DisplayBattleActionMessage24, DisplayBattleActionMessage03, DisplayBattleActionMessage0A, DisplayBattleActionMessage	High	wrong-behavior	The number is not a message: B0D0 does BRK $00,$03 with A = the number, and bank $10 entry $00 ($808A) stores A as the service op; ops $11/$13/$24 reach $10:$8669 (capped add, cap 255) and $03/$0A reach $8717/$8721 (capped add against a scratch cap). Only then does BRK $E6,$D3,$01 print the action's step-1 message	ApplyStatIncreaseOp13AndPrintResult etc. (name the stat once the op->field table $10:$9F12/$9FC1 is decoded)
11	B034,B7A2,B659,9D42,B365,A14C,A114,A155,8F26,9D11,B0E4,B372	SignalBattleActionCommit (12 callers), SetBattleStatusFlag0, SetBattleActionPostCommitFlag, SetBattleActionDispatchBit4, SeedBattleAction7FAndRaiseCommitFlag, ConfirmBattleSlotSelection, CheckBattleActionGateAndSaveResolution, JumpToBattleSlotCommitOnSelection, AbortBattleSoundSequence, ResetBattleResultSequenceAfterAdvance, AbortBattleActionViaRoute05, ValidateBattleCountdownAndAdvancePhase	Medium	partial-behavior	Each prints an action-step message (BRK $E6/$F2/$E2,$D3,step); SignalBattleActionCommit is only that print. 49 bank-$11 routines print step messages; these 12 are named only for a flag or route they also set	Include the step print in the name (e.g. PrintActionStep1Message, SetStatusFlag0AndPrintActionStep1)
11	B3A4	SnapshotBattlePointerTriple	Medium	wrong-behavior	Copies $73-$75 into $FD-$FF (the numeric argument shown by text code <47>) and prints action step 1: it prints a number, not a pointer snapshot	PrintActionStep1WithValue
all	FD-FF	(vocabulary: "working triplet" in bank $15 names, "pointer triple" in $11, "value" in $16)	Medium	vocabulary-conflict	$FD-$FF is the 24-bit number substituted for text code <47> ("gains <47> Experience Point", "<47> gold piece"); names across banks call it three different things	Add a RAM symbol (MessageNumberArgument) and use it
12	B565,B569,B56D,B571	ItemUse_SelectMode3/2/1/0 (2+9+17+28 callers)	High	wrong-behavior	Each loads A=N and falls into $B573, which walks the per-handler message table $12:$B5F4 (handler index $6DF9), picks entry N, sets the message arguments ($627A->$FA member, $6279->$6F item) and prints it. Nothing selects a mode	PrintItemUseMessage3/2/1/0 (and name $B5F4 ItemUseMessageTable)
12	826A-8671	BattleSetup_UpdateSelectionState, BattleSetup_ComputeBoundedSelectionIndex, BattleSetup_WaitThreeFramesIfBusy, BattleSetup_RefreshSelectionDecode, BattleSetup_CommitSelectionState, BattleSetup_LatchDelayState, BattleSetup_DecodeSelectorMap, BattleSetup_DispatchHandlerByIndex, BattleSetup_StartDelayWindow (13 callers), BattleSetup_StartDelayWindowIfNeeded, BattleSetup_WaitForDelayWindow (13), BattleSetup_WaitAndGateDelay, BattleSetup_GetDelayBySpeed, BattleSetup_QueuePromptTileUpdate, BattleSetup_PollConfirmInput, BattleSetup_LatchButtonsPressed	High	wrong-domain	These are the internals of PrintBattleMessage ($8180 calls them in order): text cursor rows ($735F-$7360 with TextOutputY), message-speed delay from option byte $62EE, the prompt tile and button wait, and message variable substitution (DecodeSelectorMap reads BattleDamageAmount and BattleTargetSelector). "Setup"/"selection" describes none of it	BattleMessage_* vocabulary: UpdateCursorRow, WaitForMessageSpeedDelay, GetMessageSpeedDelay, DrawContinuePrompt, SubstituteMessageVariables ...
12	86B6	BattleSetup_DispatchModeTransition	Medium	vague	Prints "was defeated", "passes away!", "'s Party is demolished!", plays track $0E, fades out and restarts the engine, or tail-calls AwardVictoryExperienceDropAndGold: the end-of-battle outcome dispatcher	DispatchBattleEndOutcome
12	A773	FieldSpell_ShowBlockedPrompt	High	wrong-behavior	Only action is RunDayNightTransitionPresentation; its callers FieldSpell_RunGate and ItemUse_RunEligibilityGate gate on map/time of day. This is the Day-Night effect, not a blocked prompt	RunDayNightSpellTransition
12	A553,A5B7,A5E4,A5B2,A5DA,A5FE,A615	FieldCommand_ProcessCommand, FieldCommand_ValidateFieldOption, FieldCommand_CheckStoredModeRange, FieldCommand_QueryModeSelector (8), FieldCommand_StoreSelectedMode, FieldCommand_StoreSecondaryMode, FieldCommand_QueryFieldOption	Medium	vague	This is the field SPELL command: it prints "Being lifeless/paralyzed, can't cast spells", "can't use spells", "doesn't know a spell which can be used while moving", "Not enough MP!"; "mode" = spell ID in $0590/$0592	RunFieldSpellCommand, CheckMemberKnowsFieldSpells, CheckFieldSpellMpCost, ...
12	A6E8,A6F2,A714,A721,A755,A783	FieldSpell_ForceFieldStateFF, FieldSpell_SelectTransitionServiceCode, FieldSpell_SetTransitionFlags60, FieldSpell_ShouldBlockFieldStart, FieldSpell_RunGate, FieldSpell_CheckGate	Medium	mechanical-cluster	Per-spell field handlers named by the state byte or flag they set; FieldSpell_RunGate is the Day-Night spell gate (see $A773)	Name each by spell once the $A9EE spell-ID table is mapped to spell names
12	A4A5-A53A	DispatchIndexedOperation, WriteOperationField05/06/07, WriteOperationFieldGroup/Tail, RepeatOperation*, TestOperationEqualsOne, FinalizeOperationWrite, LoadOperationRepeatCount (14 labels)	Medium	opaque-cluster	Bank $12 service entry $12; each "field write" is a Write/ClearBattleRecordPackedBits call on character records. No name says what the nine operations are	Identify the nine operations (table $A542) and name them
12	B6DE,B7BC,B856,B8EE	BattleSetup_ApplyMapTransitionRules, ApplySubmapTransitionRecord, BattleSetup_CheckPlayerWithinPackedTransitionBounds, HandleSpecialSubmapOneTransition	Medium	wrong-domain	Map exit/transition rules: write the saved world position $6191-$6192 and $07BA from a packed rectangle stream. The note's "battle transition rule stream" is wrong	MapTransition_* prefix
12	BA3E-BD1F	BattleSetup_StoreTextInputBuffer, BattleSetup_QueueTextInputListTiles, BattleSetup_InitializeTextInputCursorFromIndex, BattleSetup_ComputeTextInputCursorFromIndex, BattleSetup_ReadSaveSlotFieldByte, BattleSetup_PollTextInputButtonsWithAutoRepeat, BattleSetup_SetTextInputButtonIndexFromMask, BattleSetup_SeedTextInputAutoRepeatDeadline, BattleSetup_UpdateTextInputAutoRepeatState, BattleSetup_ParseCountedScriptToken	Medium	wrong-prefix	Text-input/name-entry and save-slot code; nothing battle-related	TextInput_* / SaveSlot_* prefix
12	92AD	BattleSetup_PickSetupCandidateByThreshold	Medium	vague	Prints "The Linguar splits!": the monster split action	ResolveMonsterSplit
12	90EC	BattleSetup_ResolveChapterTwoTriplet	Medium	wrong-behavior	Body is inventory edits (RemoveBattleRosterEntryAndCompactTail, StoreValueInFirstEmptyBattleRosterSlot, CountOccupiedBattleRosterSlots) for Chapter 2; note's "work triplet $00-$02" is not what it does	Name the Chapter 2 inventory adjustment
12	AD8C	ItemUse_ApplyChapterGate	Low	vague	Writes SaveTotalGold and character record bits per chapter; name says only "gate"	Name the effect
13	8038-B462	Bank13_BattlePresentationServices and ~180 labels using "BattlePresentation*", "BattleEffect*", "AccumulateBattleSlotWindow*", "AddScaledOffsetToAccumulator75xx", "RunCallbacksNToM", ...	High	wrong-domain	This is the AI's action evaluator, not presentation: InitializeBattlePresentationState builds monster resistance records (svc BuildMonsterResistanceRecords) and calls SelectBattleActions ("selects and scores battle actions"); handlers accumulate stat-derived scores into $75AD-$75C0, compare effect estimates against LoadMonsterMaximumHp, apply thresholds (CheckBattleActionScoreThreshold), and choose by weighted random (SelectBattleActionByWeight); value tables are indexed by mode $6E80 (plausibly the Tactics setting). Nothing here draws	Rename the subsystem (e.g. BattleAi_*): EvaluateActionScores, ScoreActionAgainstTarget, SelectActionByWeightedScore; replace the $75xx-address names with the score each accumulator holds
13	B489-B573	SelectBattlePresentationBranch, ApplyPresentationGateA, ApplyPresentationGateB, ResolvePresentationMode, StorePresentationPair, ResolvePresentationPointer, ResolvePresentationCode, MapPresentationCode, LoadPresentationWindow (12 callers)	High	wrong-behavior	SelectBattlePresentationBranch is called from $11:$9AE2 (ApplyPendingBattleDamageAndResolveDefeat); its path writes BattleDamageAmountLow/High through a random roll against the $B74D table (ResolvePresentationPointer), two table gates and ScaleBattleTripletByAccumulator (StorePresentationPair): it computes an action's damage/effect amount	RollActionEffectAmount, ApplyActionDamageModifierA/B, ...
13	B66B-B718	ResolvePresentationFlag, ClampPresentationFlag, StorePresentationFlag, ComputePresentationRatio, IsPresentationFlagSet	High	wrong-behavior	ResolvePresentationFlag reads the spell->resistance-slot tables $13:$B736/$B803 and ExtractBattleRecordQuadrantField (a 2-bit resistance level from the monster record); IsPresentationFlagSet adds an RNG roll: this is the target resistance check	ResolveTargetResistanceLevel, RollTargetResistsAction
13	B90B-B953	LoadStateLookupValue, CheckStateLookupLowFiveBitsAtLeast1E, ResolveStateLookupValueOrZero, RotateStateLookupValueThroughCarry, CheckStateLookupHighBitsAre00Or60, MapStateLookupHighBitsToOrdinal (5-10 callers each)	Medium	opaque	Per-action attribute table lookups ($13:$BA4E indexed by action ID; high bits give a 0-3 target class, low five bits a type with $1E terminal); names say "state lookup"	LoadActionAttributes, GetActionTargetClass, ...
13	AF10-AFF0	RunCallbacks8To0Then9To11, RunCallbacks0To4And6Then7To10, RunCallbacks0To4And6To11Then5, RunCallbacks0To3And6To11Then4To5	Medium	mechanical	Callback-index sequences of the AI evaluator; the order encodes an evaluation strategy per mode that the names do not state	Name by mode/tactic once $6E80 is confirmed
13	824B-8308,8FA2-8FD3,9067,919A,93AB-93BD,AC3C,AC46	AddScaledOffsetToAccumulator75AD..75BF, LoadAndHalveAccumulator759F/75A1/759B, LoadAccumulator75A1/759B, ComputeSeeds759DAnd75A1FromFrameOffsets37And39, CompareActionThreshold75ECWith06, SetActionStateFrom81WithBit80, SetActionStateFrom8DWithBits88, LoadZeroExtendedBase75D4, LoadScaledBase75D7	Medium	mechanical	RAM-address names (22 labels); $75xx has no symbols in ram.inc	Name the score fields in ram.inc and use them
14	8034-A0D5	Bank14_BattleTurnEngine and ~110 BattleTurnEngine_* labels (…QueuedTurnSlot…, RemoveResolvedTurnSlot, BlinkResolvedTurnSlot, AddCombatantToFirstFreeTurnSlot, …)	High	wrong-domain	No turn logic here: the bank decodes monster graphics into VRAM (LoadCombatantBattleGraphic, Bank14_DecodeMonsterGraphicsBitplanes), places monsters in the battle window (placement records $05FD, $0440-$0448), writes their OAM strips, blinks a hit monster (BlinkResolvedTurnSlot), erases a defeated one (RemoveResolvedTurnSlot), shakes the screen and runs pattern wipes. "Turn slot" is a monster display slot ($0690-$0697). Turn order is in bank $11 (RollBattleTurnOrderByAgility), so the prefix points readers to the wrong bank	BattleDisplay_* (or MonsterDisplay_*) and "display slot" instead of "turn slot"
14	A3F1-B2AD	BattleTurnEngine_RunBattlePresentationScene, RunPrimedSinglePanelRevealScene, RunDualPanelRevealScene, RunProgressivePanelAssemblyScene, RunTwinSweepAssemblyScene, RunMultiwaveAssemblyScene, RunAttributeFlashAssemblyScene	Low	incomplete	Scenes assembled from the 81 presentation panels (directory $14:$B1BA, data in bank $07); these are the final-boss transformation sequences. Names are accurate about mechanics but not which scene is which	Add the boss form each scene draws
15	9AC9	EffectScript_TestSelectionCondition (55 callers)	High	wrong-behavior	Loads A=$48 and calls EffectCallback_InvokeLookupWithDaPreserved, which does BRK $00,$6F = bank $16 entry $00 (ProcessTextUiRecordWithDirectOperands: show UI record A and return the selection). Callers use it right after questions (e.g. $A7E6 prints "That's worth N gold pieces. Is that alright?" then $A7E9 calls it and branches): it is the YES/NO prompt	AskYesNo (and name $B7B5 RunUiRecordPreservingScriptState)
15	9919,9914,A664,A668,A660,A65C,A658,A654,A650,A64C,A66A	EffectScript_InvokeItemHandlerPreservingCursor, EffectScript_InvokeAdjustedItemHandler, EffectCallback_InvokeFirst/Second/Third/Fourth/Fifth/Sixth/Seventh/EighthEffectHandler, EffectCallback_InvokeIndexedEffectHandler (~150 calls combined)	High	wrong-behavior	$9919 is BRK $04,$6F with A/X = the direct message print (bank $16 entry $04, documented in inline-operand-abi.tsv). The "Nth effect handler" wrappers add N to the script's base message ($E0-$E1) and print it: they print the NPC script's Nth dialogue line. No handler is invoked	PrintScriptMessage, PrintScriptLine0..7, PrintScriptLineA
15	A095,A4A6,A4AE,AA83,AAD1,AAF5,AC7A,ADD4,AFAC,9D62 (+ the Wait180FramesThenSetFlagNN / WaitShortThenSetFlagNN family)	EffectCallback_SetFlag08ThenStatus01, SetFlag05ThenStatusC0, SetFlag04ThenStatusC0, SetFlag0B, SetFlag13ThenStatus01, SetFlag0C, SetFlag1AThenStatus01, SetFlag1E, SetFlag2EThenWaitShort, SetInitialEventProgress, Wait180FramesThenSetFlag07/0E/0F/14/16/17/19/1D/25/26/27, WaitShortThenSetFlag11/18/22/31	High	wrong-behavior	The "flag" call is BRK $07,$CF with A = N, which resolves to bank $1C entry $07 DispatchMapEntityEventById: these trigger scripted map/entity event N, not a flag write (flags are the $CB/$DB/$EB selectors)	TriggerMapEventNN / WaitThenTriggerMapEventNN
15	AA6E,AA7D,AA74	EffectCallback_FinalizeEffectWithStatusC0, EffectCallback_RunEffectOperationAndSetStatus, EffectCallback_CompleteDelayedEffectAndSetStatus	High	wrong-behavior	Their services resolve to RunPokerGame (BRK $00,$7F), RunMonsterArenaRound (BRK $14,$8F) and LoadEventInteriorDestination (BRK $0A,$DF): the callbacks start the poker table, start an arena round and enter an event interior	StartPokerGame, StartMonsterArenaRound, EnterEventInterior
15	A4B6	EffectCallback_FinalizeEffectState	Medium	vague	BRK $07,$DF resolves to bank $1D ApplyChapterMapEntityConfiguration: re-applies NPC layout after the event	ReapplyMapEntityLayout
15	BAEF	RunVaultService (30 callers)	High	wrong-behavior (my error last sweep)	Body is 19 instructions: index message tables $BB1B/$BB57/$BB93 by shop type $07C5 and print through EffectScript_InvokeItemHandlerPreservingCursor (BRK $04,$6F). The vault dialogue I attributed to it last sweep is in the unlabeled code after it and in EffectScript_DispatchInventoryModeSelector; my claim was based on region text, not the routine body, and this rename followed it	PrintShopMessageForShopType
15	9CBF,B81F-B833,AD8F,B1EF-B2C8,B2CF,B35F,BA20-BAA0	EffectScript_DispatchInventoryModeSelector, EffectCallback_EnterPrimaryTargetSelection, PrepareAndRunPrimaryTargetSelection, RunPrimaryTargetSelection, PrepareAndRunAlternateTargetSelection, EffectCallback_RunSecondaryTargetSelection, EffectCallback_DispatchActorTargetPolicy, EffectCallback_LoadItemCandidatesForTargetPolicy, EffectCallback_AppendSpecialCandidates, EffectCallback_AdvanceCandidatePointerToCurrentMap, EffectValue_LoadTripletForEntryId, EffectValue_LoadReducedTripletForEntryId, EffectCallback_ValidateReducedEntryValue, EffectCallback_ValidateFullEntryValue, ...	High	wrong-domain	The shop system: $07C5 is the shop type ("target policy"), the "item candidates" at $07BD/$07C4 are the current town's shop stock (found by walking a per-map table), LoadTripletForEntryId is an item's 24-bit price and LoadReducedTripletForEntryId scales it to 3/4 (the sell price); Validate*EntryValue check gold and dispatch the buy/sell. The dispatcher at $9CBF routes shop/vault modes 1-6	Shop_* vocabulary: RunShopBuyMenu, RunShopSellMenu, LoadShopStock, LoadItemPrice, LoadItemSellPrice, DispatchShopMode
15	B4B9-B4E3	InventoryAccumulator_AddWorkingValue, InventoryAccumulator_TrySubtractWorkingValue, InventoryAccumulator_LoadCurrentValue	Medium	vague	$625B-$625C is the vault's deposited gold in thousands ("You can leave money in 1000 gold-piece increments"; EffectMath_Multiply0001By1000 converts it)	VaultGold_Add / VaultGold_TrySubtract / VaultGold_Load
15	9D2A-A6FF (~70 EffectCallback_* labels)	e.g. EffectCallback_Resolve628C628DOutcome, EffectCallback_RunState00ThenSeed0258Counter, EffectCallback_TestThreshold0088AndClearE7, EffectCallback_RunA66AThenEnterSubmap01At040C, EffectCallback_RunA732A738AndAdvanceTime, EffectCallback_RunA732Aea6AndRefresh, EffectCallback_Run04301LoopForDdCount, EffectCallback_ProcessThreshold5RewardFlow, EffectCallback_BranchOn6299ClassSet, ...	Medium	mechanical-cluster	NPC/event script callbacks named by addresses, thresholds and "state/offset" jargon. With the corrections above ("Nth effect handler" = print line N, "SetFlagNN" = trigger map event NN, TestSelectionCondition = yes/no) most become nameable from the dialogue they print and the event they trigger	Rename from text/event, e.g. RunInnkeeperNightDialogue
16	8A08,8A18,8A45,8A72,8AA5 (+ ~80 *TextUiRecord* labels)	ProcessTextUiRecordWithDirectOperands, ProcessTextUiRecordWithInlineValue, ProcessTextUiRecordWithInlineValuePreserveXY (190 callers), ProcessTextUiRecordWithInlineValueAndIndex07B9, ProcessTextUiRecord	Medium	opaque-vocabulary	A "text UI record" is a window/menu definition (layout, border, cursor, selection result $F8); BRK $07,$6F,N opens window N from 190 call sites, BRK $00,$6F,A runs menu A and returns the choice. Accurate but unreadable at the call sites	OpenWindow / RunMenuAndGetChoice / WindowRecord vocabulary
16	AAEF-AE76,B014-B61B	FormatTextUiValueFromF7, SetTextUiFieldIndex10AndFormat, SetTextUiFieldIndex7AndFormat, SetTextUiFieldIndex5AndFormat, EmitTextUiFormat0B2C, EmitTextUiFormat0C31, FormatIndexed07BDValue, FormatIndexedSave61DBValue, ResolveTextUiValueByF3F7, MapTextUiCountPlus15, EmitConditionalTextUiCode79Or60, QueryTextUiLowOption/HighOption/MiddleOption, ReturnTextUiSelectionWidth4/5/8, ... (~60)	Medium	mechanical-cluster	These are the 64 dynamic-value handlers of the window system (catalogued in assets/text/ui_strings.json with their pointers); each renders one field (a member name, HP/MP, level, gold, item name, spell list ...). Names give selector numbers, not the field	Name each handler by the field it renders (cross-reference the ui_strings command sets that invoke them)
16	B72D	RefreshTextUiWhenVisible	Low	wrong-behavior	Only action is BRK $86,$FB (play sound $86) unless flags $80/$04 in $F5 suppress it	PlayWindowSoundUnlessSuppressed
16	8892	RefreshTextUiEntityFlagsPreservingLinkTables (44 callers)	Low	obscure	Sets/clears entity bit $10 for map entities inside the window rectangle (ComputeEntityOffsetFromTextOrigin, occupancy bitmap $076A): hides NPC sprites covered by open windows	HideMapEntitiesUnderWindows
16	81EA,83A4	HandleTextCommand52RunMappedEffect, TriggerDialogueCharacterFeedbackIfEligible	Low	vague	$81EA starts the audio track mapped from the command nibble, waits and resumes map music (a jingle inside dialogue); $83A4 plays sound $96 per printed character	HandleTextCommand52PlayJingle, PlayTextBlip
17	817C,8654	Bank17_MapGameEntry, Bank17_MapGameInitialize	Medium	wrong-domain	After a winning poker hand these enter the Double-or-Nothing round ($8654 seeds the RNG and tails into StartPokerDoubleOrNothingRound); nothing map-related	EnterPokerDoubleOrNothing, InitializePokerDoubleOrNothing
17	9C07,83CD,83DA,9446,8AFD	Bank17_MapUiEntry, Bank17_UiUpdate, Bank17_UiUpdateAlternate, Bank17_UiService, Bank17_CasinoLoop	Low	vague	Slot-machine display setup; poker statistics screen (scrolls in the nine category counters); resume-map-music-after-wait helper; poker wager loop	SetUpSlotMachineDisplay, ShowPokerStatistics, ..., RunPokerWagerLoop
17	8A69-8AA0	Bank17_CasinoSetupServices, RunCasinoEntitySetup0D, RunCasinoDisplayReset08, SuspendCasinoRenderingAndRun1D, LoadCasinoMapConfiguration, LoadCasinoTrackedEntity, RunCasinoEntityRefresh07, ClearCasinoEntityStateBit10, ClearCasinoRenderingMode	Low	mechanical	Chain that restores the field display on leaving the poker table: party sprite graphics, font tiles (Bank18_LoadFontTiles), map tile usage, tileset graphics, palette, entity refresh	RestoreFieldDisplayAfterCasino (+ step names from the resolved services)
17	89A7,8DC4	AddPokerWagerToCasinoCoins, ApplyPokerSelectionInputRepeat	Low	too-narrow	Also used by the slot machine (AwardFiveSlotCasinoPayouts, CollectFiveSlotCasinoWager)	AddToCasinoCoinsCapped, ApplyCasinoInputRepeat
18	A0BA	ApplyEncounterCooldownAndLevelCheck	Medium	wrong-concept	This is the Repel / Fairy Water effect. $6E41 is a step counter whose bit 7 picks the item. On expiry it opens window $43 and prints 03:19 "The effect of Repel wears off." or 03:1A "...Fairy Water wears off." ($A0E4-$A0F3). While active it compares party level $62D5 with the zone level and suppresses encounters or scales them from $A348	ApplyRepelEffect (and name RAM $6E41 RepelStepCounter)
1B	A71C	BlankChapterTitlePalette	Medium	too-narrow	Fills 25 palette bytes with $0F. Reached as BRK $0C,$BF from 18:AE7B (battle presentation), 1D:943D (RunExpandingMapDisplacementEffect), 1E:8746 (RunMapTransitionRefreshSequence) and 1E:AE01 (ApplySelectedMapTransition). It is a general palette blackout, not chapter-title specific	BlankPaletteToBlack
18	B798	Bank18_LoadFontTiles	Low	generic	Loads $8C (140) glyphs from font pointer entry 0 into $1000. The sibling at $B79E loads $24 (36) uppercase glyphs from entry 2	LoadFullFontTiles
18	AACC	RefreshMonsterArenaWagerUi	Low	incomplete	Opens window $6C and redraws the coin balance, then plays track $11 (BRK $11,$FB), waits for audio (07,$9F) and resumes map music (09,$9F). Only caller is the win payout	ShowArenaWinningsAndFanfare
18	9982	BuildBattleActionsForSlot96	Low	hex-token	$96 is the zero-page current battle slot index	BuildBattleActionsForCurrentSlot
18	AAB9	ApplyMonsterArenaWagerValue	Low	vague	Copies the arena wager $6E83-$6E85 to $36-$38 and adds it to casino coins (refund or payout). Named for "applying" a value	AddArenaWagerToCasinoCoins
1B	AAF9,AB0D,AB39,AB52,AB75	DispatchChapterMapEventHandler, HandleChapterOneMapEvent, HandleChapterTwoMapEvent, HandleChapterThreeMapEvent, HandleChapterFourMapEvent	High	wrong-concept	These are the chapter-completion checks. Each tests its chapter's end condition and jumps to the shared tail $ABB6. The tail prints the chapter epilogue (03:46 "Thus,Ragnar left on a journey...", 03:8B Santeem mysteries, 03:7C "Thus Taloon left for the east...", 03:AC "This is how Mara and Nara..."), plays track chapter+$25 (BRK $03,$9F), sets $6282, shows the next chapter title and asks 03:BE "saved on the Imperial Scrolls of Honor". The labels describe them only as map events	DispatchChapterCompletionCheck, CheckChapterOneCompletion ... CheckChapterFourCompletion; label tail $ABB6 RunChapterEndingSequence
1B	ABA6	HandleChapterFiveMapEvent	Medium	wrong-concept	Tests flag $26 bit $20 and map $3E, then jumps to $AC65, which starts the scrolling finale (BeginScrollingMapEventFinale). This is the game-ending trigger. Chapter 4's check also falls through into it	CheckGameEndingTrigger (and the Finale* labels as Ending*)
1B	AD25,AD3A	Bank1B_DormantMapHandlerRti, Bank1B_DormantMapHandlerRts	Medium	false-claim	Not dormant. These are continuation points after BRK $2A,$EB,$40 (flag test) inside PrepareScriptedMapEventScene ($ACEA falls through $AD19-$AD22 into $AD25). The "RTI at $AD39" in code-seeds.tsv lines 258-259 is the $40 operand byte of the BRK at $AD36. content-ranges.tsv line 771 already records that code resumes at $AD25	Remove as separate entries or rename to PrepareScriptedMapEventScene_* locals; fix code-seeds.tsv 258-259 rationale
1B	AC43	PromptScriptedMapEventChoice	Low	vague	Opens UI record $48 (the YES/NO window) with overlay flag $6BDE. Used by the chapter-end save prompt	PromptChapterEndSaveYesNo
1B	8020	Bank1B_MapEventServices	Low	generic	Code label with a bank-prefix name. It scans overlay records, fades and plays tracks $82/$93	(needs a behavioral name)
1B	B164,B149	AdvanceGeneratedPpuSourceBy0133, AdvanceGeneratedPpuSourceByB0	Low	hex-token	Constants in the names	AdvanceGeneratedPpuSourceSecondStride / FirstStride
1F/0F	DA97	StartMapPresentationCommand, LowerFixed_StartMapPresentationCommand	High	wrong-behavior	Map-object script command. It reads a one-byte operand and runs BRK $01,$8F, which is bank $18 directory entry 1 = $18:$A1AD LoadBattleFormationById (ROM word $18:$8002 = $A1AD). It starts a scripted battle, not a presentation. StartMapPresentation ($1C:$BF14, writes $0530-$0533) is a separate thing	StartScriptedBattleCommand
1C	B314,B32C,B398,B5C2,B6F2,B8F5,B995,B9A1,BEB3,AFF4,AE4D	RunMapScenePresentation0F, RunMapScenePresentation10, RunMapScenePresentation0C, RunPresentation0EEntityScene, RunPresentation12AndSetFlags, CompleteFirstTravelScene, CompleteSecondTravelScene, RunPresentation14EntityFourScene, RunPresentation1AAndDispatchEvent10, RunEntitySourceSwapScene, RunScriptedFourEntityScene	High	wrong-behavior	Each loads A and runs BRK $01,$8F (LoadBattleFormationById). Formations decoded from $18:word($A23F)+8·id: $0F Minidemon; $10 Balzack; $0C Vampire Bat x2 + Tricksy Urchin x2; $0E Keeleon; $12 Bakor; $11 Saroknight; $13 Rhinoking + Bengal; $14 Esturk; $1A Liclick x2; $04 Balzack; $02 Rabidhound, Chameleon Humanoid, Rabidhound. The notes' "Starts presentation $NN" is the formation ID	FightMinidemon, FightBalzackSecond, FightVampireBatsAndUrchins, FightKeeleon, FightBakor, FightSaroknight, FightRhinokingAndBengal, FightEsturk, FightLiclicks, FightBalzackFirst, FightRabidhoundsAndChameleon (or Start<Boss>Battle)
1C	B9FC,BA2F,BA64,BA99,BB3F,AD6E	RunFirstBossDeathSpeech, StartSecondBossDeathSpeech, RunThirdBossDeathSpeech, RunFourthBossDeathSpeech, RunMasterDragonEndingSpeech, RunSaroShadowDefeatScene	Medium	incomplete	Each starts the battle before the speech: $15 Gigademon, $16 Anderoug x3, $17 Infurnus Shadow, $18 Radimvice + Demighoul x3 (the four barrier guardians; RunBarrierShieldBreakingScene follows), $19 Necrosaro (final battle, then the Master Dragon ending), $05 Saro's Shadow + Giant Eyeball	FightGigademonGuardian ... FightNecrosaroAndRunEnding, FightSarosShadow
1D	9C85	HideNearbyMapEntityAndRefresh	High	wrong-behavior	1D:$9C85 runs BRK $01,$8F with A=$06 = Clay Doll battle. The name says hide and refresh	StartClayDollBattle
1C	B29E	RunWorldMapTransitionService	High	wrong-behavior	Takes A = character ID. Snapshots world position (ops $6F,$56), inserts character A into the roster (bank $10 op $52 = $10:$931C InsertSavePartyMemberIntoRoster), then looks A up via $12 entry $26 ($12:$AE0D) and runs op $5F on a hit. Callers: A=$0F then "Doran joined the Party!" (BB21); A=4/6/$0D; A=1,7 plus 4 unless flag $17 bit $10 (set by the A=4 caller). ID = names.tsv character index + 1 (Doran 14 → $0F; Brey 3 → 4; Ragnar 5 → 6; Panon 12 → $0D; Cristo 0 → 1; Alena 6 → 7). Not a world-map transition	AddCharacterToParty
1C	B614,B623,B638,B9C8,BB02	RunPresentation84WorldTransition04, RunWorldTransition06Presentation82, RunPresentation85WorldTransition0D, RunWorldTravelProgression, RunFlag20EntityTwoTransition	High	wrong-behavior	Callers of B29E. "WorldTransitionNN" is a character ID: 04 Brey joins, 06 Ragnar joins, 0D Panon joins; B9C8 = Cristo + Alena (+ Brey); BB02 = Doran joins (messages 04:6E-04:71)	BreyJoinsParty, RagnarJoinsParty, PanonJoinsParty, CristoAlenaBreyJoinParty, DoranJoinsParty
12	AE05,AE0D,AE0F,AE23	ItemUse_FindModeOperandInTable, ItemUse_FindModeOperandPreservingIndex, ItemUse_FindHandlerById, RunDefaultItemUseHandler	Medium	wrong-domain	Stores character ID A in $00, counts roster members (op $62), loops X calling op $2B (member's character ID) and compares. Found: SEC with X = ordinal; not found: $AE23 path, CLC. $12 directory entry $26 = $AE0D, called from 1C:B2AC, 1D:B4BD, 1E:9538/9BD9/9E7D. Party lookup, not item use	FindPartyOrdinalByCharacterId (+ ...FromMaskedCount / NotFound)
1C	BDD2	RunPartyMemberSelectionPpuEffect	Medium	wrong-behavior	Finds the member whose op $2B returns 0 (the Hero) and opens window $0B. Then loops 10x10 times: $6F-$71 = 100, BRK $27,$33 (op $27 = $10:$867B capped EXP add), SFX $85, redraws 8 digits. Then BRK $08,$2F = $12:$9C72 ProcessPartyLevelUps. Grants the Hero 10,000 EXP with a counter animation	GrantHeroTenThousandExperience
1C	B7A5,B8CD,BE5D	RunMap1BTransitionSequence, LoadMap1BSubmapZeroDestination, PulseThenTransitionToMap2C	Low	hex-token	Map numbers in the names. B7A5 prints 04:34 "...has fallen into a deep sleep" and 04:38 Rosa, then tails to RunRosasDeathScene	RunRosavilleDreamSequence, ...
1C	B0FC,B177	EnterScriptedSceneDestination, RunEntitySwapAndVerticalOamScene	Low	vague	B0FC prints 03:5B "Thus Taloon finally gets his own shop" and 03:5C Neta. B177 prints 03:F6 "The monster chants Return!" and 03:3A "KiKeee!"	RunTaloonShopOpeningScene, RunMonsterCastsReturnScene
1C	96C7,97BC,9B12	Bank1C_DecodeMapEntityData, Bank1C_MapEntityServices, Bank1C_LoadMapEntityPointer	Low	generic	Bank-prefix placeholder names. $97BC clears the 16-entry graphics cache $6E5E	ClearMapEntityGraphicsCache, ...
1C	A058-ABDE	~74 per-map entity-visibility handlers (HideEntityZeroForFlags1DOr19, ApplyFlag1D09EntityVisibility, PositionEntityFiveAt15_11ByTime, ...)	Low	mechanical-cluster	Dispatched by map/submap through $ABF6/$AC8B (DispatchMapSubmapEntityHandler). The names encode flag bytes, entity slots and coordinates, not the map or NPC they serve. 17 carry hex tokens	Name by map (from the $ABF6/$AC8B key), e.g. ApplyEndorEntityVisibility
1D	B4B1,B4E3,B4E7	RunFourResourceSelectionChecks, TestResourceAndReturn, TestResourceOrUnwindEvent	Medium	wrong-concept	Looks up character 0 (the Hero) with $12 entry $26 (BRK $26,$2F, A=0). Then tests item IDs with bit 7 = equipped via op $31: $94 (Zenithian Sword, names.tsv item 20) or $A1 (item 33, the second Zenithian Sword), then $C4 (68 Zenithian Shield), $B7 (55 Zenithian Armor), $CB (75 Zenithian Helm). Any miss unwinds the event. This is the full-Zenithian-equipment gate	RequireHeroWearingZenithianSet, TestHeroHasItemEquipped, RequireHeroHasItemEquipped
1D	A5A7	RunMapEventResource76Transaction	Medium	wrong-behavior	Prints 03:44 (the King rewards Ragnar) or 03:43 ("take the children to Izmit") depending on $6283 bit $20. Then opens window $0B and adds 10 EXP 2x$96 = 300 times (op $27 capped EXP add, SFX $85, digits via QueueMapEventTileBlock). Then ProcessPartyLevelUps ($08,$2F). The "resource $76" is not in the code path shown	RunBurlandKingRewardRagnar (awards 3,000 EXP)
1D/1C	A612,BE1F	QueueMapEventTileBlock, QueueEightByteMapEventPpuBlock	Low	twin	Identical EXP-digit renderers at nametable $13,$1A used by the two EXP-grant events (1C:BDD2, 1D:A5A7)	QueueExperienceDigitsUpdate
1D	A9D8,A24C,AAF6,AABF,AC9A,B288,B377	EnterDeepEventSubmap, EnterEventInteriorSubmap, ExitEventSubmapAndResetTime, RunPrimaryActorDialogueEvent, TransferEntityThreeToQueuedSlot, HandleAlternateMapEventEntrances, EnterFollowupEventSubmap	Low	vague	Their messages show the scene: A9D8 Alena wins the Endor tournament (03:86/03:87/04:D2); A24C "This is Jail!"; AAF6 Mara and Nara get 100 gold and it is the next morning (03:14-03:16); AABF Nara "Good performance,sis"; AC9A Tov the dog obeys Taloon (03:AD); B288 enters Ruvas's Zenithian Armor talk; B377 Gardenbur hostage (04:40/04:41)	RunAlenaTournamentVictory, SendPartyToJail, RunMaraNaraNextMorning, ...
1D	95A2	RunMapEventDelay	Low	wrong-behavior	Calls BRK $09,$EF (SetMapTileAndRefreshRegion) with A=$16, X=$10, Y=$08, then waits one NMI. It sets a map tile; it is not a delay	SetSaroScenePropTile
1D	A6DF,B5D5,B60E	RunMapEventDialogue02, RunMapEventDialogue2A, RunMapEventDialogue2BAndFinalize	Low	wrong-behavior	Each calls DispatchMapEntityEventById with event $02/$2A/$2B, not a dialogue service (VERB text-name-no-text)	DispatchMapEntityEvent02 ...
1D	B616,B61F,96DF,96EE,96FA,9713,9724,ACFF,AA1B,A7B1,AF85,B5E2,9B6B	RunMapEventB95CAndReturnResult06, RunFixedFdfbAndReturnClear, ClearMapEventTileRecords7684, SetMapEventRecord7872FromFlag04, ..., RequireMapEventResource6C	Low	hex-token	Addresses or constants in the names. B616 and B61F even encode routine addresses ($B95C, $FDFB)	
1D	802A	Bank1D_MapEventServices	Low	generic	Bank-prefix placeholder on a [C] label	
1E	8090,81CD,81D1,8261,8265,83FE,8343,8340,B3FE,8308,832D	Bank1E_MapInteractionServices, RunPrimaryMapInteraction, RunMapInteractionSelectionDialogue, RunSecondaryMapInteraction, RunIndexedMapInteractionSequence, RunMapOverrideSelectionSequence, InteractWithFacingTileBehavior, InteractWithFacingTileAndWaitForInput, HandleFacingTileAction, PlayInteractionJingleAndShowResult, DisplayMapInteractionFailureAndWait	High	wrong-concept	$8090 is the field command menu. It opens UI record $03 and RTS-dispatches through the 8-word table $1E:$80AA: $80BA, $81CD, $81D1, $8261, $8265, $83FE, $8343, $8340 (ROM words +1). Menu strings 16:B043-B065: TALK SPELL STATUS ITEM EQUIP SEARCH DOOR TACTICS. Behavior matches: $80BA talks to the facing entity; $81CD calls FieldCommand_ProcessCommand; $8261 calls RunFieldItemCommand; $8265 prints "can't be equipped" / "Doesn't come off due to a curse!"; $8343 leads to $B2A6, which prints "There's no key." / "The lock doesn't turn." / "There's no door here."; $8340 leads to $B3FE, which prints "searches the area around feet" / "But nothing is found.". Index 5 ($83FE, a UI-window chain) is TACTICS by elimination. The window's selection order is not the string order	RunFieldCommandMenu, RunSpellCommand, RunStatusCommand, RunItemCommand, RunEquipCommand, RunTacticsCommand, RunDoorCommand, RunSearchCommand, ShowEquipResult, ShowCannotEquipMessage
1E	B5A3,B3EA,B3E1,B3E5,B5B6,B650,B59E,B4CE,B4D3	DispatchMapInteractionService, DispatchMapInteractionId, RunMapInteractionWithModeZero, RunMapInteractionWithModeForty, RunMapInteractionSelectionSequence, ShowMapInteractionSelectionMessage, ShowMapInteractionPromptAndDispatch, RejectUnavailableMapInteraction, RejectFacingMapInteractionWithMessages	High	wrong-concept	$B5A3 masks A to an item ID, stores it in $627A and $F9 (the item-name text argument), prints 02:98 "Finds the <item>!" unless $6279 bit 6, and runs BRK $65,$23,$09 (member with free space). $B5B6 prints "can't carry any more things" / "Do you want to discard something?" / "gives the <item> to <name>'s ghost"; $B650 prints "What do you want to discard?" / "gives up the <item>". $B4CE = "But the treasure chest is empty....". This is the found-item acquisition flow, not a generic interaction service	GiveFoundItemToParty, ..., PromptDiscardForFoundItem, ShowChestEmpty, ShowSearchFoundNothing
1E	B807,B81B,B830,B8DD,B8F7,B90A,B917,B930,B94B,B964,B9D1,B9ED	HandleMapInteractionId52, HandleMapInteractionId6B, CompleteMapInteractionId6B, HandleConditionalMapInteractionId75, HandleConditionalMapInteractionId7E, HandleMapInteractionId6F, HandleMapInteractionId62, HandleMapInteractionId6A, HandleMapInteractionId26, HandleMapInteractionId53, HandleChapterFiveMapInteractionId65, HandleChapterMapInteractionId67	High	opaque-ids	The "interaction IDs" are item IDs passed to $B5A3 (names.tsv items): $52 Baron's Horn, $6B Iron Safe, $75 Birdsong Nectar, $7E Padequia Seed, $6F Symbol of Faith, $62 Agility Seed, $6A Stone of Drought, $26 Leather Armor, $53 Medical Herb, $65 Mystic Acorns, $67 Lamp of Darkness. Several print "checked inside the jar."	SearchForBaronsHorn, SearchForIronSafe, ... (item-named)
1E	A3BA	RunChapter2TournamentRecoveryDialogue	Medium	too-narrow	Bank $1E directory entry $22, called only from the fixed-bank field entry at 1F:$C97A (BRK $22,$EF) after $1E entry $34 ($A620) returns A/X. It clears overrides, rebuilds the party and map scene, plays map music, fades in and prints message X:A unless X=$FF/$FE. Cristo and Brey's tournament advice is one flag-gated branch ($0F bit 4). This is the common resume-in-field path	EnterFieldAndShowResumeMessage
1F	C968,C974,C977	UpperFixedEngine_Branch_C968, UpperFixedEngine_Branch_C974, UpperFixedEngine_Branch_C977	Medium	unnamed-entry	Top-level game-flow re-entry points reached from other banks. The chapter-end tail (1B) jumps to C974 ($0C,$EF = InitializeChapterMapState). The party-defeat path (1E:$9B1C ReportPartyDefeatAndPresentEligibleMembers) jumps to C977. C968 installs RAM bank-switch code first. They have only branch-style names	StartFieldSession, StartChapterFromTitle, ResumeFieldAfterDefeatOrLoad
1E	955F,9567,956F,9582	RunMapEventSelector0A, RunMapEventSelector0B, RunMapEventSelector0D, RunMapEventSelector0C	Low	hex-token	Party-departure helpers (remove the member via RemoveSavePartySlotAndCopyBattleRecord). Callers: Laurent (0A), Strom (0B), Panon (0D), Hector (0C)	RemoveDepartingMember...
1E	8554,8557,8589,858C,86F3,86F6,86FC,872C,AABE,AAC1,AAC4,8C48,8C51,8F6B	RunTrampolines05And02ThenHideEntity ... AnimateMapEntityOamSweepFromF3To6B, AnimateMapEntityOamSweepFromF7To6F, CheckTileBehavior20To23	Low	mechanical	Named for the fixed trampolines or constants they execute rather than their purpose. Mostly fall-through continuation entries	
08	B75D,B777,B77F,B787,B78F	HandleZenithiaExteriorProgression, ContinueZenithiaExteriorAfterEvent37, ContinueZenithiaExteriorAfterEvent44, ContinueZenithiaExteriorAfterEvent4B, ContinueZenithiaExteriorAfterEvent21	Medium	opaque-ids	On map $3E above row 8 it checks the Hero is present (BRK $63,$63,$40 with A=0), then the party holds items $37 Zenithian Armor, $44 Zenithian Shield, $4B Zenithian Helm and $21 Zenithian Sword (else $14, the other Zenithian Sword) via op $66. A miss prints 04:D4 "This is Zenithian Castle.Only those who are eligible can enter.' Leave!". "Event37/44/4B/21" are item IDs. The four Continue* labels are BRK-continuation points inside one routine	CheckZenithianEquipmentAtCastleGate (drop or localize the Continue* labels)
08	B725	SelectRandomMappedFieldValue	Low	vague	Prints 04:03 "Soldier:'Intruders!'" after a random pick	(name for the intruder/soldier event)
1F/0F	CEA9	OpenFieldMenuOnStart, LowerFixed_OpenFieldMenuOnStart	High	wrong-behavior	Tests ROM byte $C000 bit 6 ($C000 = $FF in both fixed banks, so always set) or Start held, saves SP in $051B and runs BRK $00,$8F = $18 directory entry 0 = $18:$9BE6 TryInitializeRandomEncounter. Called from the post-step path (ProcessMapInputAndEvents / ProcessInteriorMapInput). It is the per-step encounter roll. No field menu opens here	TryRandomEncounterAfterStep
1F/0F	CF38	TryStartRandomEncounter, LowerFixed_TryStartRandomEncounter	High	wrong-behavior	Runs BRK $10,$87 = $08 entry $10 = $08:$B60E CheckWorldMapCoordinateTriggers (world-map tile triggers for entering towns and caves). On carry it runs BRK $06,$EF = $1E entry 6 = $907B RefreshThenRunMapSceneTransitionForValue. It is not an encounter	EnterMapAtWorldTriggerIfAny
1F/0F	C000	(no label in 1F); 0F: Bank0F_LowerFixedEngine [Code]	Medium	unlabeled-data	$C000 = $FF in both fixed banks and is read as data 16 times (lda $C000 in banks $10 x2, $17 x7, $18 x2, $1E x1, $1F x3, $0F mirror). It acts as a debug/feature switch byte. Retail $FF takes one side everywhere. Debug-only paths when bits are clear: $1E:$A362 chapter-select menu (1F:$F104-$F196 InitializeChapterSelectionMenu/RunChapterSelectionLoop/...), $1F:$CFC3 B-button skip of terrain checks, $1F:$CEB0 Start-only encounters, $18:$A1FB formation flag bit 5, and casino branches. The 0F label types this byte as Code	DebugFeatureFlags (Data) at 1F:C000 and 0F:C000; mark the F104-F196 chapter-select routines as debug-only (unreachable in retail)
1F	DE42	AddToEntityYCommand	Medium	wrong-behavior	Adds the signed operand to the 16-bit $7060(hi)/$7080(lo) pair. That pair is the entity script pointer (AdvanceMapObjectScriptPointer increments it; JumpMapObjectScriptCommand overwrites it). This is a relative script branch, not a Y-coordinate change	BranchMapObjectScriptRelativeCommand
1D/1C	A097,A0A5,A18C,A213,A21C,AA2A,A874,B001,B00F,1C:B030	StartPresentationAndCopyEntityCounters, CopyEntityCounterPair, InitializeRandomEntityDelayAndTarget, StartPresentationForEntityTenOrEleven, StartPresentationForOpenEntityCandidate, StartPresentationForEntitySix, CopyQueuedEntityCounterAndActivate, CopyQueuedCountersToActiveEntity, StartRegionalActorPresentation, TransferEntityThreeCountersToOne	Medium	wrong-concept	The "counter pair" $7060/$7080 is each entity's map-object script pointer (see 1F:DE42 row). Copying it assigns another entity's script. "counter plus one/plus two" is script offset arithmetic	Copy/AssignEntityScriptPointer ...
1E/1C/1D	9846,BF46,995E	RefreshMapInteractionState, RefreshMapEntityEventState, RefreshMapEventEntityState	Medium	wrong-behavior	UPGRADE of the earlier Low twin row. 1F:$D1FD ShowFieldMessage is exactly BRK $07,$6F,$43 then BRK $04,$6F (print message A in group X). So UI record $43 is the field message window, and these three helpers (48 callers in total) open it; they do not refresh entity or interaction state	OpenFieldMessageWindow
1B	ACA0	ExitScriptedMapEventScene	Medium	wrong-behavior	Runs FixedTrampoline10 (a no-op) then jumps to 1F:$C0E9. That code stores $40 (RTI) into the NMI JMP slot $0502, resets MMC1 and spins forever at $C101 (JMP $C101). Reached after the ending sequence. It halts the game and never returns. The 1F:$C0E9/$C101 pair has no labels (0F twin: LowerFixed_InitializeMapperAndIdle/HaltAfterMapperDisable)	HaltAfterEnding; label 1F:C0E9 HaltGame
1F	C07E,C968	ClearInternalRamLoop, UpperFixedEngine_Branch_C968	Low	too-narrow	C07E runs the rest of reset (RAM clear, MMC1, PPU) and ends with JMP $C968, the main game flow (title, chapter start, resume). C968 has no name	ResetInitializeAndStartGame / RunMainGameFlow
1F	C001-C03A	FixedTrampoline00, FixedTrampoline02-FixedTrampoline13	Low	placeholder	Numbered placeholder names on the 1F trampolines. Their byte-identical 0F twins and targets already have descriptive names (e.g., 05 = SynchronizeFollowerFacingStateBanked, 07 = InitializeCurrentMapDecoderBanked, 02 = PropagatePartyFollowerOffsetsBanked). The placeholders leak into caller names in bank $1E (RunTrampolines05And02ThenHideEntity, etc.)	Adopt the target names (e.g., SyncFollowerFacingTrampoline)
1F	DD06	InvokeMapEventWithThreeOperands	Low	wrong-behavior	Passes the operands to BRK $09,$EF = $1E entry 9 = $9E8C SetMapTileAndRefreshRegion. It is the script command that sets a map tile	SetMapTileCommand
0F	E9AD	Bank0F_GetMapDataBank	Low	placeholder-note	Note is a placeholder ("Routine at headerless ROM offset $3E9AD")	
17	B4C1,BEE5	Bank17_MapAnimationCommands, Bank17_AnimationPadding	Medium	wrong-data-type	These are music sequence streams. assets/audio renders tracks 5, 9, 14, 21, 23, 25, 27, 31, 41, 43 and 44 (4-67 s each) with sequence_bank $17 through bank $17 directory words $04-$24, via the $19 track records and 1F:$EF5B StartAudioTrack / $F0E3 SelectAudioSequenceBank. The padding note says "after animation data"	Bank17_MusicSequenceData; fix the padding note
13	BBCB	Bank13_BattlePresentationCommands [Script]	Medium	wrong-data-type	Tracks 7 (91 s) and 22 (42 s) play from bank $13 directory words $15-$1B, which are exactly the seven stream starts the content range lists ($BBCB/$BCEA/$BDE3/$BE81/$BEA8/$BF21/$BF65). The "$F8-$FE animation vocabulary" rationale in content-ranges.tsv is misapplied	Bank13_MusicSequenceData (Audio)
14	B77B	Bank14_CompressedGraphicsStreams [CompressedGraphics]	Medium	wrong-data-type	Per assets/README.md finding 1: 191 monster palette records ((bg_count<<4 or sprite_count) then 3-color palettes), read directly by $14:$9572/$95D5 (unreferenced 16-byte block $BC42-$BC51). The 81-entry directory at $14:$B1BA reads bank $07 (LDA #$07 / STA $C2 at $14:$B102). Still unapplied	Bank14_MonsterPaletteRecords (Table/Data)
18	BDBD	Bank18_PostFontData	Low	wrong-data-type	Partly music: tracks 29/30/42 play from bank $18 directory words $1A-$22, which land in $B40D-$B798 and $BDBD-$BFD8	Bank18_MusicSequenceData (for the music spans)
10/12/18	BC7E,BDC9,B40D	(no labels; content-ranges only)	Low	wrong-data-type	content-ranges.tsv still types 10:BC7E-BD2A (tracks 1, 26), 12:BDC9-BF68 (track 53) and 18:B40D-B798 (tracks 29, 30, 42) as command data. Not a labels.tsv change, but these routines' neighbors cite them	
13	8B8B,91CD	Bank13_BattleActionHandlerPointers, Bank13_SpecialBattleActionHandlerPointers	Low	count-overlap	The last entry of each table is the bytes of the following code: $8C59-$8C5A = 60 20 (RTS; JSR) gives $2060, and $91EF-$91F0 = AD D3 (LDA $75D3) gives $D3AD. The notes claim 104 and 18 handlers. Either those IDs never reach the dispatch or it is a latent ROM hazard; the notes and content ranges should say which	State 103/17 real handlers plus the overlap
0D/0E	BFD4,BAD7,BE13	Bank0D_PostEmptyRegion, Bank0E_PostSpriteRegion, Bank0E_PostPaletteData [Unknown]	Low	placeholder	Boundary markers named by position, not content	
1E	9825	ApplyRandomTransformUpdatesToPartyEntities	Low	wrong-behavior	No randomness. When $07BA&$7F < 2 it clears party-state bit $20 for every one of four slots that has it (ClearPartyTransformFlagAndHideEntity). The random variant is $9902 RandomlyClearPartyTransformFlag	ClearAllPartyTransformFlags
