# Bank	Start	EndExclusive	InstructionCount	GhidraBlock
08	803C	80B3	58	PRG08_8
08	80B7	80C2	5	PRG08_8
08	80C4	8225	179	PRG08_8
08	823D	833E	149	PRG08_8
08	8340	8389	34	PRG08_8
08	838D	8450	97	PRG08_8
08	8452	84E4	77	PRG08_8
08	84E6	84E7	1	PRG08_8
08	84E9	8533	35	PRG08_8
08	8535	8649	144	PRG08_8
08	864B	8703	94	PRG08_8
08	8710	882A	146	PRG08_8
08	883C	8A6C	296	PRG08_8
08	8A85	8A92	6	PRG08_8
08	AEE3	AEE6	2	PRG08_8
08	AF13	AF59	33	PRG08_8
08	AF67	B06D	134	PRG08_8
08	B06F	B136	91	PRG08_8
08	B145	B177	25	PRG08_8
08	B180	B2DE	176	PRG08_8
08	B2E5	B46B	194	PRG08_8
08	B478	B5D3	177	PRG08_8
08	B5D8	B5ED	13	PRG08_8
08	B5F1	B66A	61	PRG08_8
08	B6B8	B6BE	3	PRG08_8
08	B6C1	B6C9	4	PRG08_8
08	B6CB	B73B	61	PRG08_8
08	B75D	B76C	8	PRG08_8
08	B799	B79B	2	PRG08_8
08	B7AE	B7B0	1	PRG08_8
0E	8008	801B	10	PRG14_8
0E	8026	8027	1	PRG14_8
0E	802D	8091	49	PRG14_8
0E	BAF7	BB53	48	PRG14_8
0E	BEEA	BF48	48	PRG14_8
0F	C001	C01A	9	PRG15_C
0F	C01C	C01D	1	PRG15_C
0F	C01F	C020	1	PRG15_C
0F	C022	C023	1	PRG15_C
0F	C025	C026	1	PRG15_C
0F	C028	C029	1	PRG15_C
0F	C02B	C02C	1	PRG15_C
0F	C02E	C0D2	68	PRG15_C
0F	C104	C221	139	PRG15_C
0F	C222	C37B	143	PRG15_C
0F	C38B	C54E	251	PRG15_C
0F	C569	C5B9	39	PRG15_C
0F	C626	C65A	25	PRG15_C
0F	C662	C73E	121	PRG15_C
0F	C78C	C7DC	54	PRG15_C
0F	C7E1	C7FA	13	PRG15_C
0F	C813	C888	66	PRG15_C
0F	C891	C94B	100	PRG15_C
0F	C94E	C96F	17	PRG15_C
0F	C971	C972	1	PRG15_C
0F	C974	C975	1	PRG15_C
0F	C977	C978	1	PRG15_C
0F	C97A	C97B	1	PRG15_C
0F	C97D	C98F	8	PRG15_C
0F	C9ED	C9FD	6	PRG15_C
0F	C9FF	CA3D	25	PRG15_C
0F	CA41	CAAE	50	PRG15_C
0F	CAD8	CADF	3	PRG15_C
0F	CAEA	CB1A	21	PRG15_C
0F	CB1E	CB8B	48	PRG15_C
0F	CB8D	CB90	2	PRG15_C
0F	CB93	CB94	1	PRG15_C
0F	CB97	CC23	62	PRG15_C
0F	CC33	CC43	7	PRG15_C
0F	CC63	CC75	9	PRG15_C
0F	CC78	CC7E	3	PRG15_C
0F	CC80	CD70	120	PRG15_C
0F	CD78	CD8B	9	PRG15_C
0F	CD8E	CDA4	11	PRG15_C
0F	CDB6	CDC1	6	PRG15_C
0F	CDC8	CE26	41	PRG15_C
0F	CE2E	CE35	3	PRG15_C
0F	CE37	CE66	20	PRG15_C
0F	CE68	CE8C	15	PRG15_C
0F	CE9A	CEBB	14	PRG15_C
0F	CEBD	CEE2	20	PRG15_C
0F	CEE6	CEE7	1	PRG15_C
0F	CEEE	CEEF	1	PRG15_C
0F	CEF3	CEF4	1	PRG15_C
0F	CF03	CF35	22	PRG15_C
0F	CF37	CF39	2	PRG15_C
0F	CF41	CF5C	13	PRG15_C
0F	CF5E	CF71	10	PRG15_C
0F	CF7D	CF8E	8	PRG15_C
0F	CF90	D002	51	PRG15_C
0F	D007	D011	6	PRG15_C
0F	D013	D02D	12	PRG15_C
0F	D049	D04A	1	PRG15_C
0F	D050	D0DD	71	PRG15_C
0F	D0E2	D0E3	1	PRG15_C
0F	D0EF	D1B9	100	PRG15_C
0F	D1C9	D1F9	20	PRG15_C
0F	D1FC	D1FF	3	PRG15_C
0F	D202	D204	2	PRG15_C
0F	D206	D210	4	PRG15_C
0F	D218	D239	16	PRG15_C
0F	D241	D277	24	PRG15_C
0F	D28C	D2E3	51	PRG15_C
0F	D2E9	D476	222	PRG15_C
0F	D486	D4A8	15	PRG15_C
0F	D4AA	D5BB	139	PRG15_C
0F	D5C0	D710	161	PRG15_C
0F	D712	D925	258	PRG15_C
0F	D928	D982	37	PRG15_C
0F	D99B	D9C8	17	PRG15_C
0F	D9CB	D9FE	23	PRG15_C
0F	DA06	DA3B	22	PRG15_C
0F	DA3E	DA44	2	PRG15_C
0F	DA47	DA56	6	PRG15_C
0F	DA59	DA72	10	PRG15_C
0F	DA75	DA9E	21	PRG15_C
0F	DAA4	DABC	12	PRG15_C
0F	DAC3	DBBE	116	PRG15_C
0F	DBC1	DBE8	17	PRG15_C
0F	DBF5	DC2D	25	PRG15_C
0F	DC30	DC38	3	PRG15_C
0F	DC3B	DD15	105	PRG15_C
0F	DD1F	DDC1	82	PRG15_C
0F	DDC4	DDD0	6	PRG15_C
0F	DDD8	DE7B	70	PRG15_C
0F	DE92	DEA5	9	PRG15_C
0F	DECF	DED2	1	PRG15_C
0F	DEE5	DEEB	4	PRG15_C
0F	DEED	DF02	9	PRG15_C
0F	DF83	DFEF	52	PRG15_C
0F	E035	E3E0	457	PRG15_C
0F	E3E2	E4F6	138	PRG15_C
0F	E54B	E565	13	PRG15_C
0F	E567	E568	1	PRG15_C
0F	E56A	E56B	1	PRG15_C
0F	E56D	E56E	1	PRG15_C
0F	E570	E574	3	PRG15_C
0F	E576	E8F8	462	PRG15_C
0F	E938	E94E	11	PRG15_C
0F	E950	E9DE	72	PRG15_C
0F	E9E0	EA78	73	PRG15_C
0F	EA7A	EB93	131	PRG15_C
0F	EB9B	EBEF	40	PRG15_C
0F	EBF1	ED1F	148	PRG15_C
0F	ED23	ED72	36	PRG15_C
0F	ED74	EFBE	270	PRG15_C
0F	EFBF	F371	433	PRG15_C
0F	F372	F481	133	PRG15_C
0F	F489	F4A3	13	PRG15_C
0F	F4AB	F573	97	PRG15_C
0F	F58A	F5AC	18	PRG15_C
0F	F5DB	F5DD	1	PRG15_C
0F	F620	F625	2	PRG15_C
0F	FABE	FB6C	80	PRG15_C
0F	FF74	FF86	10	PRG15_C
0F	FF91	FFDF	39	PRG15_C
10	8080	81CF	171	PRG16_8
10	8202	8205	1	PRG16_8
10	8212	8483	319	PRG16_8
10	8485	8489	2	PRG16_8
10	8490	8540	99	PRG16_8
10	8548	85A6	48	PRG16_8
10	85A8	8831	327	PRG16_8
10	883B	8897	47	PRG16_8
10	889E	8932	82	PRG16_8
10	8934	8AD5	221	PRG16_8
10	8AD7	8B00	24	PRG16_8
10	8B04	8B5C	48	PRG16_8
10	8B5E	8B61	1	PRG16_8
10	8B63	8B66	1	PRG16_8
10	8B68	8B6B	1	PRG16_8
10	8B6D	8B70	1	PRG16_8
10	8B72	8B75	1	PRG16_8
10	8B77	8C65	129	PRG16_8
10	8DE2	8DE6	2	PRG16_8
10	8DF3	8DF7	2	PRG16_8
10	8E61	8E75	10	PRG16_8
10	8EE0	8F28	39	PRG16_8
10	8F30	8F74	34	PRG16_8
10	8F79	8FE5	61	PRG16_8
10	8FF5	9119	178	PRG16_8
10	9183	9201	56	PRG16_8
10	9207	94DA	344	PRG16_8
10	94DC	95B4	113	PRG16_8
10	9601	9644	35	PRG16_8
10	964A	9A7D	572	PRG16_8
10	9A87	9CB1	294	PRG16_8
10	9CDA	9DCA	131	PRG16_8
10	A035	A09F	47	PRG16_8
10	A0C0	A104	34	PRG16_8
10	A107	A10E	7	PRG16_8
10	A114	A199	68	PRG16_8
10	A19E	A2B1	154	PRG16_8
10	A2DB	A4CC	256	PRG16_8
10	A4DF	AA72	779	PRG16_8
10	AB4F	ABD4	69	PRG16_8
10	ABD7	ABDB	3	PRG16_8
10	ABDE	ABE8	6	PRG16_8
10	ABEA	ABF8	8	PRG16_8
10	ABFA	AC12	13	PRG16_8
10	AC14	AC2E	11	PRG16_8
10	AC70	AC71	1	PRG16_8
10	ACAF	ACB0	1	PRG16_8
10	ACB5	ACB6	1	PRG16_8
10	B146	B183	35	PRG16_8
10	BA01	BA0D	7	PRG16_8
10	BA18	BA1F	5	PRG16_8
10	BCC0	BCC5	3	PRG16_8
10	BCC7	BCC9	1	PRG16_8
10	BCE8	BCEF	3	PRG16_8
10	BD0E	BD11	2	PRG16_8
10	BD28	BD3E	13	PRG16_8
10	BD40	BD43	2	PRG16_8
11	8032	8045	9	PRG17_8
11	80C4	80CF	7	PRG17_8
11	8E0E	8E16	3	PRG17_8
11	8E17	8E18	1	PRG17_8
11	8E54	8E57	2	PRG17_8
11	8E73	8E7A	3	PRG17_8
11	8E86	8E89	1	PRG17_8
11	8E92	8E97	3	PRG17_8
11	8E9B	8E9F	2	PRG17_8
11	8EA3	8EB6	9	PRG17_8
11	8EBF	8EC5	2	PRG17_8
11	8ECA	8ED1	3	PRG17_8
11	8EDA	8EDD	1	PRG17_8
11	8EE4	8EEA	3	PRG17_8
11	8EEE	8EF1	1	PRG17_8
11	8F02	8F05	1	PRG17_8
11	8F15	8F16	1	PRG17_8
11	8F1A	8F1B	1	PRG17_8
11	8F1F	8F22	1	PRG17_8
11	8F26	8F27	1	PRG17_8
11	8F2D	8F30	1	PRG17_8
11	9079	908B	9	PRG17_8
11	92CF	92DE	7	PRG17_8
11	9333	9337	3	PRG17_8
11	96DB	96E2	3	PRG17_8
11	98E2	98E6	2	PRG17_8
11	98FA	98FB	1	PRG17_8
11	9916	9919	2	PRG17_8
11	9945	9976	21	PRG17_8
11	997E	9980	2	PRG17_8
11	9AE2	9AE3	1	PRG17_8
11	9AEB	9AEC	1	PRG17_8
11	9B0C	9B0D	1	PRG17_8
11	9B53	9B54	1	PRG17_8
11	9B86	9B87	1	PRG17_8
11	9C20	9C21	1	PRG17_8
11	9C50	9C51	1	PRG17_8
11	9C74	9C77	2	PRG17_8
11	9CAD	9CAE	1	PRG17_8
11	9CBC	9CD2	10	PRG17_8
11	9D03	9D12	7	PRG17_8
11	9D15	9D1D	4	PRG17_8
11	9D2B	9D33	4	PRG17_8
11	9D42	9D4B	4	PRG17_8
11	9D4F	9D54	3	PRG17_8
11	9D6E	9D73	3	PRG17_8
11	9D90	9D91	1	PRG17_8
11	9DB4	9DB5	1	PRG17_8
11	9E4C	9E4D	1	PRG17_8
11	9EDD	9EDE	1	PRG17_8
11	9F14	9F15	1	PRG17_8
11	9F27	9F28	1	PRG17_8
11	9F64	9F65	1	PRG17_8
11	9F93	9F94	1	PRG17_8
11	9FC6	9FC7	1	PRG17_8
11	9FED	9FEE	1	PRG17_8
11	A02D	A037	5	PRG17_8
11	A03B	A03C	1	PRG17_8
11	A047	A051	5	PRG17_8
11	A08E	A08F	1	PRG17_8
11	A096	A097	1	PRG17_8
11	A0B7	A0B8	1	PRG17_8
11	A0EF	A0F3	2	PRG17_8
11	A0FD	A123	19	PRG17_8
11	A131	A142	8	PRG17_8
11	A147	A150	4	PRG17_8
11	A154	A15B	4	PRG17_8
11	A161	A162	1	PRG17_8
11	A17C	A193	11	PRG17_8
11	A19A	A1A6	6	PRG17_8
11	A1A8	A1B7	7	PRG17_8
11	A228	A229	1	PRG17_8
11	A2A2	A2A3	1	PRG17_8
11	A2D8	A2F2	15	PRG17_8
11	A2FF	A3EF	125	PRG17_8
11	A3F7	A3FD	3	PRG17_8
11	A409	A40A	1	PRG17_8
11	AC5C	AC63	5	PRG17_8
11	AE0A	AE12	4	PRG17_8
11	AE1F	AE21	2	PRG17_8
11	AE23	AE36	10	PRG17_8
11	AE4E	AE68	11	PRG17_8
11	AE84	AE87	1	PRG17_8
11	AE8B	AE8E	1	PRG17_8
11	AE9D	AEA8	6	PRG17_8
11	AEBF	AEC0	1	PRG17_8
11	AFAD	AFAE	1	PRG17_8
11	AFEA	AFEB	1	PRG17_8
11	AFF4	AFFE	4	PRG17_8
11	B025	B026	1	PRG17_8
11	B034	B035	1	PRG17_8
11	B039	B03A	1	PRG17_8
11	B055	B059	2	PRG17_8
11	B077	B07B	2	PRG17_8
11	B07E	B07F	1	PRG17_8
11	B0A4	B0AF	5	PRG17_8
11	B0B3	B0D2	14	PRG17_8
11	B0E4	B0E5	1	PRG17_8
11	B0EB	B0EC	1	PRG17_8
11	B17C	B188	6	PRG17_8
11	B1C1	B1C7	3	PRG17_8
11	B1D0	B1DF	7	PRG17_8
11	B21F	B220	1	PRG17_8
11	B365	B368	2	PRG17_8
11	B372	B373	1	PRG17_8
11	B380	B381	1	PRG17_8
11	B392	B396	2	PRG17_8
11	B39C	B3A5	5	PRG17_8
11	B3B6	B3B7	1	PRG17_8
11	B3D4	B3D5	1	PRG17_8
11	B3DE	B3DF	1	PRG17_8
11	B402	B409	4	PRG17_8
11	B41C	B41F	1	PRG17_8
11	B437	B438	1	PRG17_8
11	B453	B454	1	PRG17_8
11	B47F	B495	10	PRG17_8
11	B4A7	B4AB	3	PRG17_8
11	B4C6	B4C7	1	PRG17_8
11	B4E4	B4E5	1	PRG17_8
11	B51D	B520	2	PRG17_8
11	B651	B662	7	PRG17_8
11	B666	B667	1	PRG17_8
11	B693	B694	1	PRG17_8
11	B6DB	B6DC	1	PRG17_8
11	B6F2	B6F3	1	PRG17_8
11	B700	B706	3	PRG17_8
11	B73D	B73E	1	PRG17_8
11	B79D	B7A3	3	PRG17_8
11	B7AF	B7B0	1	PRG17_8
11	B7F8	B7F9	1	PRG17_8
11	B91C	B929	7	PRG17_8
11	B960	B977	9	PRG17_8
11	B9C1	B9C2	1	PRG17_8
11	BDFC	BE01	3	PRG17_8
11	BF2E	BF4E	16	PRG17_8
11	BF55	BF57	2	PRG17_8
11	BF5C	BF6A	6	PRG17_8
11	BFAE	BFB1	1	PRG17_8
12	8064	8073	6	PRG18_8
12	80AB	80C3	12	PRG18_8
12	810E	8148	28	PRG18_8
12	8157	8201	89	PRG18_8
12	8206	8207	1	PRG18_8
12	8220	8228	5	PRG18_8
12	8234	8235	1	PRG18_8
12	826A	828F	17	PRG18_8
12	8292	82A5	10	PRG18_8
12	82B0	82D0	15	PRG18_8
12	82E9	830D	16	PRG18_8
12	8370	83E9	60	PRG18_8
12	83EE	8415	24	PRG18_8
12	841F	8429	6	PRG18_8
12	842C	8433	5	PRG18_8
12	84A9	84AA	1	PRG18_8
12	84B2	84BA	4	PRG18_8
12	8505	8511	8	PRG18_8
12	8536	8537	1	PRG18_8
12	85A9	85B0	4	PRG18_8
12	85CA	8614	35	PRG18_8
12	861B	8686	52	PRG18_8
12	8688	868D	3	PRG18_8
12	86A4	86B7	11	PRG18_8
12	884C	8877	19	PRG18_8
12	8888	8889	1	PRG18_8
12	88B0	88C8	10	PRG18_8
12	88D3	88E9	14	PRG18_8
12	892B	8A36	123	PRG18_8
12	8AC1	8AD1	8	PRG18_8
12	8D05	8D06	1	PRG18_8
12	8D73	8D75	1	PRG18_8
12	8EAD	8FEE	165	PRG18_8
12	8FF0	90E9	121	PRG18_8
12	90EB	90F6	6	PRG18_8
12	9134	9135	1	PRG18_8
12	91DD	91E7	5	PRG18_8
12	9216	921A	2	PRG18_8
12	92AD	92AE	1	PRG18_8
12	92CE	92D1	2	PRG18_8
12	92EF	92F4	4	PRG18_8
12	930C	930D	1	PRG18_8
12	96A6	96B6	8	PRG18_8
12	9BFD	9BFE	1	PRG18_8
12	9C22	9C23	1	PRG18_8
12	9C72	9C80	6	PRG18_8
12	9D29	9D42	15	PRG18_8
12	9D44	9D6D	20	PRG18_8
12	9F7C	A0FB	192	PRG18_8
12	A2B3	A2B6	2	PRG18_8
12	A304	A30E	5	PRG18_8
12	A475	A489	11	PRG18_8
12	A4A5	A51C	58	PRG18_8
12	A520	A521	1	PRG18_8
12	A525	A526	1	PRG18_8
12	A52A	A52B	1	PRG18_8
12	A52F	A530	1	PRG18_8
12	A53A	A53B	1	PRG18_8
12	A553	A554	1	PRG18_8
12	A557	A577	14	PRG18_8
12	A58E	A58F	1	PRG18_8
12	A592	A598	3	PRG18_8
12	A59A	A59C	2	PRG18_8
12	A5A5	A5A6	1	PRG18_8
12	A5B2	A5B4	2	PRG18_8
12	A5B7	A5B9	2	PRG18_8
12	A5BB	A5BE	2	PRG18_8
12	A5C4	A5C5	1	PRG18_8
12	A5C8	A5C9	1	PRG18_8
12	A5CB	A5CE	1	PRG18_8
12	A5D5	A5DA	3	PRG18_8
12	A721	A755	27	PRG18_8
12	A773	A774	1	PRG18_8
12	A908	A90F	5	PRG18_8
12	A91C	A91D	1	PRG18_8
12	A942	A946	2	PRG18_8
12	A960	A961	1	PRG18_8
12	A974	A976	2	PRG18_8
12	A997	A9BD	19	PRG18_8
12	A9C2	A9EB	24	PRG18_8
12	A9ED	A9F6	5	PRG18_8
12	AA0D	AA0F	1	PRG18_8
12	AA1D	AA32	8	PRG18_8
12	AA34	AA35	1	PRG18_8
12	AA38	AA89	36	PRG18_8
12	AA8B	AA8C	1	PRG18_8
12	AA8E	AA8F	1	PRG18_8
12	AA91	AA92	1	PRG18_8
12	AA95	AAAF	12	PRG18_8
12	AAB1	AACA	12	PRG18_8
12	AAD4	AADD	4	PRG18_8
12	AADF	AAE6	3	PRG18_8
12	AAE8	AAF1	6	PRG18_8
12	AAF4	AB00	8	PRG18_8
12	AB03	AB17	12	PRG18_8
12	AB1E	AB4C	21	PRG18_8
12	AB4F	AB68	10	PRG18_8
12	AB6B	AB6C	1	PRG18_8
12	AB6F	AB8A	13	PRG18_8
12	AB8D	ABA9	13	PRG18_8
12	ABAB	ABB6	7	PRG18_8
12	ABB8	ABF1	24	PRG18_8
12	AC00	AD63	166	PRG18_8
12	AD65	AD71	7	PRG18_8
12	AD8C	AD95	4	PRG18_8
12	ADA9	ADAA	1	PRG18_8
12	ADF9	ADFA	1	PRG18_8
12	AE05	AE08	2	PRG18_8
12	AE0D	AE10	2	PRG18_8
12	AE3F	AE4B	6	PRG18_8
12	AE60	AE77	14	PRG18_8
12	AE83	AE91	6	PRG18_8
12	AF04	AF4A	31	PRG18_8
12	AF55	AF86	22	PRG18_8
12	AF89	AFA3	11	PRG18_8
12	AFCB	AFD0	3	PRG18_8
12	AFF9	B01C	16	PRG18_8
12	B021	B05C	27	PRG18_8
12	B061	B089	17	PRG18_8
12	B08E	B08F	1	PRG18_8
12	B094	B0A4	7	PRG18_8
12	B0A5	B0C2	12	PRG18_8
12	B0CA	B121	36	PRG18_8
12	B144	B15E	10	PRG18_8
12	B17B	B182	3	PRG18_8
12	B19B	B19F	2	PRG18_8
12	B1C8	B1CC	2	PRG18_8
12	B1F6	B237	29	PRG18_8
12	B243	B25F	15	PRG18_8
12	B264	B271	5	PRG18_8
12	B29F	B2A6	3	PRG18_8
12	B2AA	B2C7	15	PRG18_8
12	B2DB	B2E2	4	PRG18_8
12	B2FF	B353	37	PRG18_8
12	B362	B38D	21	PRG18_8
12	B3AF	B3F4	32	PRG18_8
12	B3FC	B409	5	PRG18_8
12	B40E	B40F	1	PRG18_8
12	B42B	B459	21	PRG18_8
12	B45E	B45F	1	PRG18_8
12	B464	B480	13	PRG18_8
12	B488	B48F	3	PRG18_8
12	B494	B4B9	18	PRG18_8
12	B4C1	B4D2	8	PRG18_8
12	B4D6	B4D7	1	PRG18_8
12	B4DC	B4E3	3	PRG18_8
12	B4ED	B4FF	8	PRG18_8
12	B512	B51C	4	PRG18_8
12	B521	B522	1	PRG18_8
12	B526	B530	4	PRG18_8
12	B533	B540	8	PRG18_8
12	B55A	B55C	2	PRG18_8
12	B565	B5EC	67	PRG18_8
12	B5EF	B5F4	2	PRG18_8
12	B6DE	B8C6	253	PRG18_8
12	B8CE	B8E9	13	PRG18_8
12	B8EE	B970	62	PRG18_8
12	B971	B977	3	PRG18_8
12	BA3E	BB01	95	PRG18_8
12	BB06	BBCC	89	PRG18_8
12	BBD4	BC2E	42	PRG18_8
12	BC3C	BCC0	57	PRG18_8
12	BCC2	BD17	43	PRG18_8
12	BD1F	BDBD	82	PRG18_8
12	BDC9	BDCC	1	PRG18_8
12	BE4E	BE57	4	PRG18_8
12	BECD	BECF	1	PRG18_8
12	BED0	BED2	1	PRG18_8
13	8038	8054	12	PRG19_8
13	805B	8078	13	PRG19_8
13	8088	80AD	18	PRG19_8
13	8176	81FB	67	PRG19_8
13	8231	8308	94	PRG19_8
13	8330	845B	144	PRG19_8
13	8500	850C	6	PRG19_8
13	8594	8599	2	PRG19_8
13	85B7	85BC	2	PRG19_8
13	85F2	8602	8	PRG19_8
13	8641	86C4	72	PRG19_8
13	86C7	86D6	8	PRG19_8
13	86E5	8719	29	PRG19_8
13	8720	8806	125	PRG19_8
13	8811	8842	27	PRG19_8
13	886B	892B	100	PRG19_8
13	8930	89B4	72	PRG19_8
13	89B6	89CB	13	PRG19_8
13	89F5	8A1E	26	PRG19_8
13	8A32	8A56	20	PRG19_8
13	8A5D	8A94	31	PRG19_8
13	8AD8	8AEF	13	PRG19_8
13	8C59	8D2A	95	PRG19_8
13	8D61	8D67	2	PRG19_8
13	8D77	8D8F	10	PRG19_8
13	8DFF	8E03	3	PRG19_8
13	8E75	8E9E	18	PRG19_8
13	8ECA	8ECE	3	PRG19_8
13	8FA2	9012	48	PRG19_8
13	9019	9021	5	PRG19_8
13	9110	91A9	73	PRG19_8
13	9212	9276	48	PRG19_8
13	92E2	9304	22	PRG19_8
13	93AB	93D0	16	PRG19_8
13	955B	9569	6	PRG19_8
13	9584	95B8	24	PRG19_8
13	9658	966B	8	PRG19_8
13	96A0	96F3	40	PRG19_8
13	9736	9766	19	PRG19_8
13	976E	97DE	55	PRG19_8
13	9800	980B	5	PRG19_8
13	9C20	9C26	3	PRG19_8
13	9D03	9D04	1	PRG19_8
13	9D75	9D76	1	PRG19_8
13	A089	A0A5	12	PRG19_8
13	A102	A104	1	PRG19_8
13	A200	A202	1	PRG19_8
13	A203	A207	2	PRG19_8
13	A54C	A624	111	PRG19_8
13	A660	A663	1	PRG19_8
13	A6C6	A747	68	PRG19_8
13	A797	A813	74	PRG19_8
13	A825	A84F	23	PRG19_8
13	A85B	A89A	39	PRG19_8
13	A8AA	A8C0	11	PRG19_8
13	A8C6	A913	36	PRG19_8
13	A92E	A93C	6	PRG19_8
13	A960	A979	14	PRG19_8
13	A99A	A9C0	18	PRG19_8
13	A9C2	AB92	217	PRG19_8
13	AE11	B0DC	314	PRG19_8
13	B0E0	B2B7	185	PRG19_8
13	B2BA	B328	57	PRG19_8
13	B392	B3F8	50	PRG19_8
13	B3FB	B4CE	95	PRG19_8
13	B4E6	B4EB	4	PRG19_8
13	B553	B562	8	PRG19_8
13	B573	B59A	20	PRG19_8
13	B5AD	B5AE	1	PRG19_8
13	B5BC	B5CB	8	PRG19_8
13	B5E4	B5FE	14	PRG19_8
13	B607	B60C	3	PRG19_8
13	B61D	B61E	1	PRG19_8
13	B66B	B676	5	PRG19_8
13	B67A	B67B	1	PRG19_8
13	B718	B722	5	PRG19_8
13	B72A	B72C	2	PRG19_8
13	B72E	B736	4	PRG19_8
13	B7B0	B7BA	5	PRG19_8
13	B7E3	B7E8	2	PRG19_8
13	B90B	B96F	59	PRG19_8
13	BBCB	BBCE	1	PRG19_8
13	BCEA	BCEF	2	PRG19_8
13	BD75	BD83	6	PRG19_8
13	BD96	BD97	1	PRG19_8
13	BE81	BE88	4	PRG19_8
13	BEA8	BED4	25	PRG19_8
13	BF21	BF28	4	PRG19_8
13	BF65	BF6B	2	PRG19_8
14	8034	8073	30	PRG20_8
14	812F	8253	127	PRG20_8
14	8263	836A	120	PRG20_8
14	837F	8455	107	PRG20_8
14	84DF	85D3	109	PRG20_8
14	8606	8646	33	PRG20_8
14	8653	873A	107	PRG20_8
14	877A	87B1	28	PRG20_8
14	87C9	8873	82	PRG20_8
14	88CC	88D5	4	PRG20_8
14	8921	8933	7	PRG20_8
14	89DD	8A38	47	PRG20_8
14	8A42	8A5E	14	PRG20_8
14	8A69	8A76	5	PRG20_8
14	8A83	8B36	92	PRG20_8
14	8C07	8C1B	10	PRG20_8
14	8C86	8D29	89	PRG20_8
14	8D7A	8D7B	1	PRG20_8
14	9030	91C1	201	PRG20_8
14	91D3	964F	592	PRG20_8
14	9653	9661	7	PRG20_8
14	9665	9673	7	PRG20_8
14	9682	9820	219	PRG20_8
14	9822	9A3C	274	PRG20_8
14	9A40	9ADB	76	PRG20_8
14	9ADD	9DC9	423	PRG20_8
14	9DCB	A019	372	PRG20_8
14	A01B	A02A	5	PRG20_8
14	A02E	A05D	25	PRG20_8
14	A07C	A111	75	PRG20_8
14	A3F1	A40D	13	PRG20_8
14	A41B	A47C	44	PRG20_8
14	A499	A4AF	10	PRG20_8
14	A4D0	A4D1	1	PRG20_8
14	A67F	A6AC	23	PRG20_8
14	A736	A770	26	PRG20_8
14	A888	A889	1	PRG20_8
14	AA43	AA66	18	PRG20_8
14	AC1A	AC66	46	PRG20_8
14	AFA8	B07A	123	PRG20_8
14	B0ED	B169	67	PRG20_8
14	B2AD	B2D5	19	PRG20_8
14	BD00	BE4F	190	PRG20_8
15	98F8	9920	22	PRG21_8
15	9922	9937	13	PRG21_8
15	9939	9958	15	PRG21_8
15	995A	9AC6	179	PRG21_8
15	9AC9	9AD5	7	PRG21_8
15	9AEF	9AF9	7	PRG21_8
15	9B09	9C82	201	PRG21_8
15	9C92	9CFA	50	PRG21_8
15	9D14	9D15	1	PRG21_8
15	9D1F	9D20	1	PRG21_8
15	A06E	A092	18	PRG21_8
15	A20C	A210	2	PRG21_8
15	A244	A245	1	PRG21_8
15	A47C	A489	7	PRG21_8
15	A4BA	A4BE	2	PRG21_8
15	A4C9	A4D5	7	PRG21_8
15	A769	A76A	1	PRG21_8
15	A85C	A870	11	PRG21_8
15	AB30	AB34	2	PRG21_8
15	AD64	AD68	2	PRG21_8
15	B056	B067	12	PRG21_8
15	B0BB	B0BD	2	PRG21_8
15	B0C0	B0C8	4	PRG21_8
15	B0CC	B0CE	2	PRG21_8
15	B0E6	B10B	19	PRG21_8
15	B139	B13A	1	PRG21_8
15	B13D	B140	2	PRG21_8
15	B145	B149	3	PRG21_8
15	B14B	B15B	9	PRG21_8
15	B15D	B163	4	PRG21_8
15	B189	B18A	1	PRG21_8
15	B1EF	B345	178	PRG21_8
15	B347	B34D	6	PRG21_8
15	B35F	B369	8	PRG21_8
15	B374	B424	95	PRG21_8
15	B432	B47C	38	PRG21_8
15	B4B9	B514	50	PRG21_8
15	B524	B525	1	PRG21_8
15	B528	B52E	3	PRG21_8
15	B7B5	B7DA	21	PRG21_8
15	B7DC	B802	23	PRG21_8
15	B804	B811	8	PRG21_8
15	B822	B898	50	PRG21_8
15	B928	B940	11	PRG21_8
15	B945	B94D	5	PRG21_8
15	B9F3	BA00	6	PRG21_8
15	BA02	BA10	6	PRG21_8
15	BA5D	BA64	3	PRG21_8
15	BA73	BA82	7	PRG21_8
15	BACD	BB1A	36	PRG21_8
15	BBCE	BBD2	2	PRG21_8
15	BED2	BF03	23	PRG21_8
15	BF06	BF0C	3	PRG21_8
15	BF0E	BF14	3	PRG21_8
15	BF18	BF19	1	PRG21_8
15	BFA4	BFB2	7	PRG21_8
16	8028	80C4	72	PRG22_8
16	80EA	81BF	95	PRG22_8
16	81C1	81FD	36	PRG22_8
16	8219	8220	3	PRG22_8
16	8225	8263	30	PRG22_8
16	826B	827A	8	PRG22_8
16	827C	829F	17	PRG22_8
16	8309	8313	5	PRG22_8
16	831B	835D	32	PRG22_8
16	836B	83BD	38	PRG22_8
16	83BF	8443	49	PRG22_8
16	8445	87D8	464	PRG22_8
16	8892	8893	1	PRG22_8
16	8898	8951	95	PRG22_8
16	8A08	8BB4	204	PRG22_8
16	8BB6	8C6F	82	PRG22_8
16	8C7F	8EB8	278	PRG22_8
16	8EC0	8F6B	82	PRG22_8
16	8F6D	8F71	2	PRG22_8
16	8F73	92D2	400	PRG22_8
16	92D4	92D6	2	PRG22_8
16	92D8	93F0	128	PRG22_8
16	9410	942B	13	PRG22_8
16	9437	943D	3	PRG22_8
16	9487	94C9	35	PRG22_8
16	94D0	94E9	12	PRG22_8
16	94EA	9752	305	PRG22_8
16	975A	98B1	174	PRG22_8
16	98B3	98FB	43	PRG22_8
16	98FE	99A3	81	PRG22_8
16	99B7	9A91	99	PRG22_8
16	9AB5	9BBB	123	PRG22_8
16	9BBD	9C14	41	PRG22_8
16	9C16	9C7F	52	PRG22_8
16	9CC3	9CC4	1	PRG22_8
16	9CC6	9CC8	2	PRG22_8
16	9CCA	9CD7	10	PRG22_8
16	9F58	9F75	14	PRG22_8
16	9F77	9F82	5	PRG22_8
16	9F94	9F9B	4	PRG22_8
16	9FA3	9FB6	8	PRG22_8
16	A0E8	A151	45	PRG22_8
16	A15A	A392	272	PRG22_8
16	A394	A395	1	PRG22_8
16	A397	A398	1	PRG22_8
16	A39A	A39B	1	PRG22_8
16	A39C	A3A7	7	PRG22_8
16	A3AF	A3F2	30	PRG22_8
16	A446	A477	26	PRG22_8
16	A483	A498	10	PRG22_8
16	A49A	A4CE	25	PRG22_8
16	A4DE	A4FF	21	PRG22_8
16	AAF7	AB10	11	PRG22_8
16	AB14	AB1F	5	PRG22_8
16	AB2F	AB3D	6	PRG22_8
16	AB3F	AB50	9	PRG22_8
16	AB60	AB63	2	PRG22_8
16	AB65	AB70	4	PRG22_8
16	AB82	AB8B	4	PRG22_8
16	ABAD	ABBB	7	PRG22_8
16	ABBD	ABC3	2	PRG22_8
16	ABC7	ABCC	3	PRG22_8
16	ABCE	ABDB	5	PRG22_8
16	ABEB	AC0F	13	PRG22_8
16	ACFF	AD0A	5	PRG22_8
16	ADE8	ADF0	3	PRG22_8
16	AE32	AE50	14	PRG22_8
16	AEBF	AEFB	28	PRG22_8
16	AF02	AF65	46	PRG22_8
16	AF70	AF82	8	PRG22_8
16	AF84	AF8B	4	PRG22_8
16	AF8D	AF93	3	PRG22_8
16	AF95	AF9B	3	PRG22_8
16	AF9D	AFE1	31	PRG22_8
16	AFE3	AFEA	4	PRG22_8
16	AFEC	AFF9	6	PRG22_8
16	AFFB	AFFE	2	PRG22_8
16	B000	B003	2	PRG22_8
16	B005	B014	8	PRG22_8
16	B021	B03C	12	PRG22_8
16	B1D8	B1E8	7	PRG22_8
16	B1F9	B232	27	PRG22_8
16	B24A	B24F	2	PRG22_8
16	B4B6	B4BC	3	PRG22_8
16	B4BE	B4BF	1	PRG22_8
16	B504	B50C	4	PRG22_8
16	B50E	B517	5	PRG22_8
16	B538	B53B	2	PRG22_8
16	B548	B556	7	PRG22_8
16	B558	B55B	2	PRG22_8
16	B59D	B5B2	10	PRG22_8
16	B650	B687	28	PRG22_8
16	B737	B748	8	PRG22_8
16	B74A	B755	5	PRG22_8
16	B773	B785	8	PRG22_8
16	B78C	B7A3	15	PRG22_8
16	B7BE	B7CF	7	PRG22_8
16	B7D2	B7D5	2	PRG22_8
16	B7D7	B834	44	PRG22_8
16	B83B	B84D	8	PRG22_8
16	B850	B85E	7	PRG22_8
16	B950	B964	10	PRG22_8
16	B975	B9A2	21	PRG22_8
16	B9A4	B9AC	4	PRG22_8
16	BA0E	BA4D	35	PRG22_8
16	BA4F	BA55	3	PRG22_8
16	BA58	BA69	10	PRG22_8
16	BA6B	BA88	14	PRG22_8
16	BA9F	BAB8	10	PRG22_8
16	BAC2	BAC5	2	PRG22_8
16	BAC7	BACD	3	PRG22_8
16	BACF	BB60	73	PRG22_8
16	BB62	BB67	3	PRG22_8
16	BB75	BB81	7	PRG22_8
16	BB8D	BC01	50	PRG22_8
16	BC03	BC06	2	PRG22_8
16	BC08	BC17	6	PRG22_8
16	BC19	BC35	13	PRG22_8
16	BC6D	BCCA	46	PRG22_8
16	BCEB	BD13	20	PRG22_8
16	BD15	BD24	9	PRG22_8
16	BD31	BD77	41	PRG22_8
16	BD91	BDBD	21	PRG22_8
16	BDC9	BE08	33	PRG22_8
16	BE47	BE90	43	PRG22_8
16	BE97	BEEA	44	PRG22_8
16	BEEC	BEF0	3	PRG22_8
17	804C	8069	12	PRG23_8
17	806C	80BA	27	PRG23_8
17	80BC	817A	89	PRG23_8
17	817C	819C	14	PRG23_8
17	819E	81AF	11	PRG23_8
17	81B1	81BF	8	PRG23_8
17	81C1	81C5	2	PRG23_8
17	81D7	81EC	11	PRG23_8
17	81EE	827D	69	PRG23_8
17	8286	82C3	30	PRG23_8
17	82C5	82E3	17	PRG23_8
17	83CD	840C	30	PRG23_8
17	840E	843F	24	PRG23_8
17	8441	8451	8	PRG23_8
17	8453	868D	294	PRG23_8
17	868F	87E9	166	PRG23_8
17	87F1	8828	26	PRG23_8
17	882A	88A0	57	PRG23_8
17	88A2	88B1	7	PRG23_8
17	88B3	88B4	1	PRG23_8
17	88B6	88DB	18	PRG23_8
17	88DD	88EB	7	PRG23_8
17	88ED	88F4	4	PRG23_8
17	88F6	8972	54	PRG23_8
17	8974	89F2	56	PRG23_8
17	89F4	8A4B	39	PRG23_8
17	8A53	8A54	1	PRG23_8
17	8A56	8A6C	11	PRG23_8
17	8A6E	8A71	2	PRG23_8
17	8A73	8A74	1	PRG23_8
17	8A76	8A7A	2	PRG23_8
17	8A7C	8A7F	2	PRG23_8
17	8A81	8A85	2	PRG23_8
17	8A87	8A88	1	PRG23_8
17	8A8A	8A9E	10	PRG23_8
17	8AA0	8ABB	12	PRG23_8
17	8ABD	8AFB	26	PRG23_8
17	8AFD	8B72	54	PRG23_8
17	8B74	8B94	15	PRG23_8
17	8B96	8BA7	8	PRG23_8
17	8BA9	8BF2	33	PRG23_8
17	8BF4	8C43	42	PRG23_8
17	8C45	8CC1	55	PRG23_8
17	8CC3	8CC7	2	PRG23_8
17	8CC9	8CCD	2	PRG23_8
17	8CCF	8CDA	5	PRG23_8
17	8CDC	8D2C	36	PRG23_8
17	8D2E	8D32	2	PRG23_8
17	8D34	8D38	2	PRG23_8
17	8D3A	8D3B	1	PRG23_8
17	8D3D	8D3E	1	PRG23_8
17	8D43	8D4D	4	PRG23_8
17	8D4F	8D53	2	PRG23_8
17	8D55	8D86	23	PRG23_8
17	8D88	8DBC	23	PRG23_8
17	8DBE	8E4D	77	PRG23_8
17	8E52	8E9F	36	PRG23_8
17	8EA1	8EA4	1	PRG23_8
17	8EA9	8ECE	19	PRG23_8
17	8ED6	8F6F	77	PRG23_8
17	8F71	8F75	3	PRG23_8
17	8F77	9088	149	PRG23_8
17	91AF	91D0	15	PRG23_8
17	91D2	91FD	22	PRG23_8
17	91FF	9245	34	PRG23_8
17	9247	9248	1	PRG23_8
17	9266	9278	11	PRG23_8
17	92B4	92BA	3	PRG23_8
17	92BC	92C2	3	PRG23_8
17	92C4	92D6	9	PRG23_8
17	92D8	92D9	1	PRG23_8
17	92F6	9307	8	PRG23_8
17	9309	930A	1	PRG23_8
17	9314	932E	11	PRG23_8
17	9330	936F	29	PRG23_8
17	9371	93DF	47	PRG23_8
17	93EF	9432	33	PRG23_8
17	9446	944F	4	PRG23_8
17	9451	9452	1	PRG23_8
17	9BFA	9C04	5	PRG23_8
17	9C07	9C2C	13	PRG23_8
17	9C2E	9C98	45	PRG23_8
17	9C9A	9CFB	45	PRG23_8
17	9CFE	9D0F	7	PRG23_8
17	9D11	9D1E	5	PRG23_8
17	9D20	9D30	8	PRG23_8
17	9D32	9D3A	5	PRG23_8
17	9D3C	9D3E	2	PRG23_8
17	9D40	9DC6	64	PRG23_8
17	9DD0	9E14	32	PRG23_8
17	9E16	9E58	32	PRG23_8
17	9E68	9ED7	60	PRG23_8
17	9EE6	9EF5	6	PRG23_8
17	9EF7	9F01	6	PRG23_8
17	9F03	9F36	23	PRG23_8
17	9F38	9F4D	9	PRG23_8
17	9F4F	9FF7	92	PRG23_8
17	9FFC	A04A	39	PRG23_8
17	A050	A062	8	PRG23_8
17	A064	A0B7	37	PRG23_8
17	A0B9	A141	67	PRG23_8
17	A143	A14B	6	PRG23_8
17	A15B	A2B2	165	PRG23_8
17	A2B4	A339	70	PRG23_8
17	A33C	A3B8	65	PRG23_8
17	A516	A567	38	PRG23_8
17	A57A	A650	103	PRG23_8
17	A7FE	A881	61	PRG23_8
18	995A	99DF	67	PRG24_8
18	99F9	9AA9	98	PRG24_8
18	9AC1	9BB1	126	PRG24_8
18	9BB3	9BE4	30	PRG24_8
18	9BE6	9D1C	150	PRG24_8
18	9D2D	9DEB	102	PRG24_8
18	9DED	9E43	47	PRG24_8
18	9E67	9EAF	35	PRG24_8
18	9EB9	9F70	85	PRG24_8
18	9F79	9F80	4	PRG24_8
18	9F8F	A0E5	161	PRG24_8
18	A0F6	A15A	45	PRG24_8
18	A15F	A163	3	PRG24_8
18	A1AD	A21D	59	PRG24_8
18	A231	A237	3	PRG24_8
18	A257	A26B	13	PRG24_8
18	A279	A27B	2	PRG24_8
18	A813	A819	3	PRG24_8
18	AAE0	AAFB	12	PRG24_8
18	AE4F	AE7C	20	PRG24_8
18	AEA7	B20A	446	PRG24_8
18	B226	B23F	13	PRG24_8
18	B620	B624	2	PRG24_8
18	B65A	B65C	1	PRG24_8
18	B798	B7E3	33	PRG24_8
18	B7E7	B835	36	PRG24_8
18	BE7D	BE81	2	PRG24_8
18	BF55	BF5D	4	PRG24_8
18	BF8C	BF95	5	PRG24_8
19	8014	804D	26	PRG25_8
19	8050	806C	16	PRG25_8
19	806F	80C9	47	PRG25_8
19	80CC	80F2	19	PRG25_8
19	80F5	810B	13	PRG25_8
1B	8020	8074	39	PRG27_8
1B	8076	8080	5	PRG27_8
1B	8082	8087	3	PRG27_8
1B	8089	808A	1	PRG27_8
1B	808C	808D	1	PRG27_8
1B	808F	8091	2	PRG27_8
1B	8097	80F4	50	PRG27_8
1B	8101	8102	1	PRG27_8
1B	810C	81FF	121	PRG27_8
1B	8206	822D	22	PRG27_8
1B	8712	8716	2	PRG27_8
1B	8718	8738	12	PRG27_8
1B	873D	877B	22	PRG27_8
1B	877D	88A8	160	PRG27_8
1B	88AC	8916	45	PRG27_8
1B	8D01	8D02	1	PRG27_8
1B	8D1F	8D24	3	PRG27_8
1B	8F20	8F23	2	PRG27_8
1B	8F6E	8F6F	1	PRG27_8
1B	9135	9148	7	PRG27_8
1B	91A8	91E3	27	PRG27_8
1B	91E6	9222	34	PRG27_8
1B	9227	9321	119	PRG27_8
1B	9323	936F	37	PRG27_8
1B	947E	95C9	155	PRG27_8
1B	9E8F	9E90	1	PRG27_8
1B	9E97	9E9D	3	PRG27_8
1B	A0F5	A0F8	2	PRG27_8
1B	A0FE	A0FF	1	PRG27_8
1B	A219	A29E	68	PRG27_8
1B	A4D7	A4DD	2	PRG27_8
1B	A4EF	A4F8	5	PRG27_8
1B	A4FA	A518	12	PRG27_8
1B	A521	A52B	5	PRG27_8
1B	A52D	A567	23	PRG27_8
1B	A569	A577	7	PRG27_8
1B	A579	A5DF	52	PRG27_8
1B	A6F0	A718	19	PRG27_8
1B	A71C	A758	25	PRG27_8
1B	A75A	A772	10	PRG27_8
1B	A77B	A874	102	PRG27_8
1B	A8A8	A91A	54	PRG27_8
1B	A91E	A93F	17	PRG27_8
1B	A94B	A972	22	PRG27_8
1B	A9A2	A9AF	7	PRG27_8
1B	A9B1	AA39	63	PRG27_8
1B	AA5A	AAE1	63	PRG27_8
1B	AAF9	AB23	21	PRG27_8
1B	AB38	AB42	6	PRG27_8
1B	AB51	AB63	10	PRG27_8
1B	AB74	AB76	2	PRG27_8
1B	ABA6	ABA7	1	PRG27_8
1B	ACA0	ACA6	2	PRG27_8
1B	AD6B	AE00	66	PRG27_8
1B	AE80	AEDD	42	PRG27_8
1B	AF67	AF73	6	PRG27_8
1B	AFF7	B032	23	PRG27_8
1B	B05E	B0B0	35	PRG27_8
1B	B0DC	B0E7	4	PRG27_8
1B	B0F2	B209	133	PRG27_8
1B	B219	B2BE	87	PRG27_8
1B	B2C3	B2D3	9	PRG27_8
1B	B309	B324	12	PRG27_8
1B	B32A	B342	10	PRG27_8
1B	B346	B54C	293	PRG27_8
1B	B55A	B6C4	168	PRG27_8
1B	B6C6	B708	31	PRG27_8
1B	B78A	B794	5	PRG27_8
1C	96C7	97B4	116	PRG28_8
1C	97BC	9852	74	PRG28_8
1C	9859	9863	6	PRG28_8
1C	9865	9A5B	241	PRG28_8
1C	9A5D	9C60	248	PRG28_8
1C	9C65	9C75	12	PRG28_8
1C	9CBF	9D0E	41	PRG28_8
1C	9EA6	9F8A	103	PRG28_8
1C	A058	A061	5	PRG28_8
1C	A07E	A095	11	PRG28_8
1C	A0A0	A0BD	12	PRG28_8
1C	AD1E	AD5A	31	PRG28_8
1C	AD5F	AD71	9	PRG28_8
1C	ADCA	ADF5	18	PRG28_8
1C	AEFC	AF0E	8	PRG28_8
1C	AFF4	AFFD	4	PRG28_8
1C	B030	B031	1	PRG28_8
1C	B05E	B05F	1	PRG28_8
1C	B0B9	B0D7	13	PRG28_8
1C	B0FC	B118	11	PRG28_8
1C	B159	B178	16	PRG28_8
1C	B24A	B268	13	PRG28_8
1C	B29E	B2A0	2	PRG28_8
1C	B2B4	B317	38	PRG28_8
1C	B32C	B32F	2	PRG28_8
1C	B372	B38A	12	PRG28_8
1C	B397	B39B	3	PRG28_8
1C	B3BA	B3BF	3	PRG28_8
1C	B50B	B516	5	PRG28_8
1C	B56A	B577	6	PRG28_8
1C	B5C2	B5C5	2	PRG28_8
1C	B614	B61F	5	PRG28_8
1C	B623	B630	6	PRG28_8
1C	B638	B643	5	PRG28_8
1C	B652	B66A	11	PRG28_8
1C	B6E8	B6F5	6	PRG28_8
1C	B733	B73C	6	PRG28_8
1C	B7A5	B7AC	3	PRG28_8
1C	B827	B83A	9	PRG28_8
1C	B8F5	B8F8	2	PRG28_8
1C	B901	B902	1	PRG28_8
1C	B910	B91D	6	PRG28_8
1C	B93F	B941	2	PRG28_8
1C	B954	B958	2	PRG28_8
1C	B995	B998	2	PRG28_8
1C	B9A1	B9A4	2	PRG28_8
1D	802A	8096	60	PRG29_8
1D	80A9	80AB	1	PRG29_8
1D	80F0	80F1	1	PRG29_8
1D	83AD	83B0	1	PRG29_8
1D	868D	8693	2	PRG29_8
1D	870D	870F	1	PRG29_8
1D	8B1E	8B38	13	PRG29_8
1D	8B40	8D1D	216	PRG29_8
1D	8D25	8D69	32	PRG29_8
1D	8D6F	8D70	1	PRG29_8
1D	8D76	8D77	1	PRG29_8
1D	8D78	8D79	1	PRG29_8
1D	8D7F	8D80	1	PRG29_8
1D	8D8E	8D91	2	PRG29_8
1D	8D97	8D98	1	PRG29_8
1D	8DED	8E24	22	PRG29_8
1D	8E50	8ED8	63	PRG29_8
1D	8EE0	8F32	40	PRG29_8
1D	8F52	9052	129	PRG29_8
1D	9062	90EF	71	PRG29_8
1D	918E	921A	69	PRG29_8
1D	922A	923D	7	PRG29_8
1D	9240	925A	10	PRG29_8
1D	925C	943E	205	PRG29_8
1D	9441	944E	5	PRG29_8
1D	9450	9485	25	PRG29_8
1D	9697	96B5	15	PRG29_8
1D	96C4	96D1	5	PRG29_8
1D	96DF	96EF	7	PRG29_8
1D	96FA	96FB	1	PRG29_8
1D	9713	9714	1	PRG29_8
1D	9724	9725	1	PRG29_8
1D	9730	976D	27	PRG29_8
1D	9771	978C	13	PRG29_8
1D	97A4	97BF	12	PRG29_8
1D	989F	9946	82	PRG29_8
1D	995E	995F	1	PRG29_8
1D	9970	999C	21	PRG29_8
1D	99A5	99BD	14	PRG29_8
1D	99CA	99CB	1	PRG29_8
1D	99D0	9A41	65	PRG29_8
1D	9A5F	9A7D	15	PRG29_8
1D	9AC5	9ADD	11	PRG29_8
1D	9B2D	9B5C	24	PRG29_8
1D	9B62	9B6E	7	PRG29_8
1D	9B77	9B78	1	PRG29_8
1D	9B81	9BA7	24	PRG29_8
1D	9BCE	9BD4	4	PRG29_8
1D	9BF7	9C08	11	PRG29_8
1D	9C26	9C86	48	PRG29_8
1D	9C8E	9CC7	27	PRG29_8
1D	9CD7	9CD8	1	PRG29_8
1D	9CDD	9CF7	12	PRG29_8
1D	9CFD	9D16	12	PRG29_8
1D	9D1C	9D38	13	PRG29_8
1D	9D97	9D9A	1	PRG29_8
1D	9DF3	9DF6	3	PRG29_8
1D	9DFE	9E03	4	PRG29_8
1D	9E2D	9E53	20	PRG29_8
1D	9FF9	9FFA	1	PRG29_8
1D	A04E	A04F	1	PRG29_8
1D	A05D	A061	3	PRG29_8
1D	A06E	A073	3	PRG29_8
1D	A097	A0B4	13	PRG29_8
1D	A0C8	A0DA	10	PRG29_8
1D	A164	A1F1	61	PRG29_8
1D	A1F5	A250	47	PRG29_8
1D	A25A	A25B	1	PRG29_8
1D	A26F	A293	19	PRG29_8
1D	A298	A2A5	7	PRG29_8
1D	A2F7	A31D	17	PRG29_8
1D	A321	A332	9	PRG29_8
1D	A343	A3D1	67	PRG29_8
1D	A3D8	A3DB	3	PRG29_8
1D	A416	A41F	4	PRG29_8
1D	A421	A451	22	PRG29_8
1D	A45B	A46D	9	PRG29_8
1D	A49D	A49E	1	PRG29_8
1D	A4A8	A4F6	35	PRG29_8
1D	A502	A542	31	PRG29_8
1D	A549	A57E	20	PRG29_8
1D	A588	A59D	11	PRG29_8
1D	A5A5	A5BC	14	PRG29_8
1D	A64D	A650	2	PRG29_8
1D	A671	A6C4	36	PRG29_8
1D	A6D4	A6E2	9	PRG29_8
1D	A6EA	A6FB	8	PRG29_8
1D	A724	A736	9	PRG29_8
1D	A765	A766	1	PRG29_8
1D	A7B1	A7C3	10	PRG29_8
1D	A7D5	A7E5	8	PRG29_8
1D	A801	A802	1	PRG29_8
1D	A817	A818	1	PRG29_8
1D	A858	A859	1	PRG29_8
1D	A893	A8AC	11	PRG29_8
1D	A901	A904	1	PRG29_8
1D	A905	A906	1	PRG29_8
1D	A90B	A90D	2	PRG29_8
1D	A911	A91F	5	PRG29_8
1D	A920	A949	18	PRG29_8
1D	A966	A96E	6	PRG29_8
1D	A970	A994	18	PRG29_8
1D	A9A3	A9B8	9	PRG29_8
1D	A9C1	A9E6	18	PRG29_8
1D	AA2A	AA53	18	PRG29_8
1D	AA72	AAA9	28	PRG29_8
1D	AABF	AAE7	18	PRG29_8
1D	AAF4	AB0C	11	PRG29_8
1D	AB98	ABAE	9	PRG29_8
1D	ABC8	AC07	24	PRG29_8
1D	AC0B	AC2D	17	PRG29_8
1D	AC60	AC61	1	PRG29_8
1D	AC6A	AC90	18	PRG29_8
1D	AC98	ACA1	6	PRG29_8
1D	ACC8	ACC9	1	PRG29_8
1D	ACD2	ACF1	12	PRG29_8
1D	ACF5	ACF6	1	PRG29_8
1D	ACFF	AD12	9	PRG29_8
1D	AD1A	AD4A	21	PRG29_8
1D	AD4C	AD5F	8	PRG29_8
1D	AD9E	ADB1	10	PRG29_8
1D	ADD8	ADE8	8	PRG29_8
1D	ADFF	AE00	1	PRG29_8
1D	AE08	AE09	1	PRG29_8
1D	AE11	AE49	30	PRG29_8
1D	AE55	AEB3	41	PRG29_8
1D	AEBF	AECF	7	PRG29_8
1D	AED3	AEE7	11	PRG29_8
1D	AF06	AF17	8	PRG29_8
1D	AF50	AF58	4	PRG29_8
1D	AF5C	AF5D	1	PRG29_8
1D	AF61	AF81	13	PRG29_8
1D	AF85	AF8D	4	PRG29_8
1D	AF93	AFA4	10	PRG29_8
1D	AFB2	AFF1	33	PRG29_8
1D	B001	B041	31	PRG29_8
1D	B073	B07C	4	PRG29_8
1D	B08F	B0C8	25	PRG29_8
1D	B0CC	B0CF	3	PRG29_8
1D	B0F6	B0F7	1	PRG29_8
1D	B16B	B19C	21	PRG29_8
1D	B1AA	B1BF	11	PRG29_8
1D	B1DA	B202	21	PRG29_8
1D	B288	B2A9	18	PRG29_8
1D	B2CD	B302	22	PRG29_8
1D	B308	B363	42	PRG29_8
1D	B367	B37D	11	PRG29_8
1D	B3E9	B43A	39	PRG29_8
1D	B479	B4BD	32	PRG29_8
1D	B4E1	B4E3	2	PRG29_8
1D	B4F6	B523	24	PRG29_8
1D	B546	B558	10	PRG29_8
1D	B56B	B56D	2	PRG29_8
1D	B5D5	B5DB	4	PRG29_8
1D	B5E2	B611	27	PRG29_8
1D	B616	B624	8	PRG29_8
1D	B73E	B788	37	PRG29_8
1D	B893	B8A0	8	PRG29_8
1D	B8BE	B8BF	1	PRG29_8
1D	B904	B929	19	PRG29_8
1D	B92F	B952	15	PRG29_8
1D	B95C	B95D	1	PRG29_8
1D	B960	B97D	13	PRG29_8
1D	B980	B9B7	25	PRG29_8
1D	B9DE	BA18	26	PRG29_8
1D	BA60	BA9B	29	PRG29_8
1D	BAEB	BBB4	97	PRG29_8
1D	BBF4	BCA7	82	PRG29_8
1D	BD69	BFC8	309	PRG29_8
1E	8090	8091	1	PRG30_8
1E	8093	8094	1	PRG30_8
1E	8096	8097	1	PRG30_8
1E	809A	80AA	9	PRG30_8
1E	80BA	8123	52	PRG30_8
1E	8125	819E	67	PRG30_8
1E	81AE	81CE	17	PRG30_8
1E	81D0	81D2	2	PRG30_8
1E	81D5	81D6	1	PRG30_8
1E	81D9	81E2	5	PRG30_8
1E	81E5	81F0	5	PRG30_8
1E	81F2	81F5	2	PRG30_8
1E	81F8	81FC	2	PRG30_8
1E	81FF	8203	2	PRG30_8
1E	8206	8207	1	PRG30_8
1E	820A	820E	2	PRG30_8
1E	8210	821B	6	PRG30_8
1E	821F	8223	2	PRG30_8
1E	823A	8241	3	PRG30_8
1E	8244	824D	5	PRG30_8
1E	8253	8254	1	PRG30_8
1E	8257	825D	2	PRG30_8
1E	8265	8266	1	PRG30_8
1E	8269	8272	5	PRG30_8
1E	8274	8279	3	PRG30_8
1E	8282	8283	1	PRG30_8
1E	8286	8287	1	PRG30_8
1E	828A	828B	1	PRG30_8
1E	828E	8299	5	PRG30_8
1E	829B	82AB	7	PRG30_8
1E	82AC	82AD	1	PRG30_8
1E	82B0	82B8	4	PRG30_8
1E	82BA	82C8	6	PRG30_8
1E	82CB	82CC	1	PRG30_8
1E	82CF	82D7	4	PRG30_8
1E	82D9	82E7	6	PRG30_8
1E	82EA	82EB	1	PRG30_8
1E	82EE	82F6	4	PRG30_8
1E	82F8	8312	13	PRG30_8
1E	832A	8337	8	PRG30_8
1E	8346	835E	14	PRG30_8
1E	83D9	83EC	9	PRG30_8
1E	84B6	84BC	2	PRG30_8
1E	84F0	84F1	1	PRG30_8
1E	84F3	8505	10	PRG30_8
1E	8524	8578	43	PRG30_8
1E	8589	8677	99	PRG30_8
1E	86AD	86AE	1	PRG30_8
1E	86F3	8741	33	PRG30_8
1E	888A	88A2	14	PRG30_8
1E	88FB	89C5	109	PRG30_8
1E	8A0D	8A24	9	PRG30_8
1E	8A48	8B16	99	PRG30_8
1E	8C84	8CE9	51	PRG30_8
1E	8CEB	8D25	27	PRG30_8
1E	8D2C	8D39	8	PRG30_8
1E	8D5C	8D65	4	PRG30_8
1E	8D68	8D90	20	PRG30_8
1E	8DE0	8DE7	4	PRG30_8
1E	8DED	8E23	32	PRG30_8
1E	8E3C	8E3D	1	PRG30_8
1E	8EC5	8EC9	2	PRG30_8
1E	8ED6	8ED9	3	PRG30_8
1E	8EDB	8EE7	6	PRG30_8
1E	8EE9	8EFB	10	PRG30_8
1E	8EFD	8F00	2	PRG30_8
1E	8F02	8F3C	23	PRG30_8
1E	8F3E	8F49	6	PRG30_8
1E	8F4B	8F4C	1	PRG30_8
1E	8F4E	8FA5	44	PRG30_8
1E	907B	90A0	18	PRG30_8
1E	90A2	90E6	29	PRG30_8
1E	90E8	90EC	2	PRG30_8
1E	90EE	9101	9	PRG30_8
1E	9155	918D	29	PRG30_8
1E	9196	9236	82	PRG30_8
1E	9290	9298	4	PRG30_8
1E	929A	929E	2	PRG30_8
1E	92E3	92F1	6	PRG30_8
1E	92FC	930C	7	PRG30_8
1E	9485	94A5	14	PRG30_8
1E	94D7	94E6	7	PRG30_8
1E	94FB	9502	4	PRG30_8
1E	951B	951D	2	PRG30_8
1E	9540	9541	1	PRG30_8
1E	955F	9560	1	PRG30_8
1E	9567	9568	1	PRG30_8
1E	958A	95A1	9	PRG30_8
1E	95A6	95DF	26	PRG30_8
1E	95E2	9651	56	PRG30_8
1E	9653	9659	3	PRG30_8
1E	965B	9661	3	PRG30_8
1E	9663	9669	3	PRG30_8
1E	966B	9696	24	PRG30_8
1E	9698	96A3	6	PRG30_8
1E	96AB	96AF	3	PRG30_8
1E	9799	979A	1	PRG30_8
1E	97B8	97C6	6	PRG30_8
1E	97EF	97F0	1	PRG30_8
1E	97F5	9817	12	PRG30_8
1E	9825	9846	18	PRG30_8
1E	984B	9864	12	PRG30_8
1E	98B6	9919	44	PRG30_8
1E	991C	992A	8	PRG30_8
1E	9956	9AAC	167	PRG30_8
1E	9AB1	9AB2	1	PRG30_8
1E	9AB4	9ABE	4	PRG30_8
1E	9AC9	9B57	70	PRG30_8
1E	9B68	9B6C	2	PRG30_8
1E	9BB0	9BB1	1	PRG30_8
1E	9BBD	9BBF	1	PRG30_8
1E	9C13	9CF2	88	PRG30_8
1E	9D01	9D36	25	PRG30_8
1E	9D8A	9E2F	81	PRG30_8
1E	9E3F	9E48	4	PRG30_8
1E	9E6B	9E7A	7	PRG30_8
1E	9E8C	9F06	63	PRG30_8
1E	9F08	9F52	40	PRG30_8
1E	9F54	A016	94	PRG30_8
1E	A02B	A0AE	63	PRG30_8
1E	A0B0	A1EE	154	PRG30_8
1E	A200	A203	1	PRG30_8
1E	A211	A21B	4	PRG30_8
1E	A232	A238	3	PRG30_8
1E	A23B	A23E	2	PRG30_8
1E	A241	A244	2	PRG30_8
1E	A247	A24A	2	PRG30_8
1E	A24D	A284	25	PRG30_8
1E	A289	A28D	2	PRG30_8
1E	A296	A2D5	33	PRG30_8
1E	A2D7	A2DB	2	PRG30_8
1E	A34F	A355	3	PRG30_8
1E	A358	A359	1	PRG30_8
1E	A35B	A363	4	PRG30_8
1E	A372	A373	1	PRG30_8
1E	A375	A376	1	PRG30_8
1E	A378	A397	16	PRG30_8
1E	A399	A39A	1	PRG30_8
1E	A39D	A3A8	7	PRG30_8
1E	A3BA	A3C1	5	PRG30_8
1E	A3C3	A3C4	1	PRG30_8
1E	A3C6	A3D0	4	PRG30_8
1E	A3D2	A3D9	3	PRG30_8
1E	A3DC	A3EB	11	PRG30_8
1E	A40A	A40B	1	PRG30_8
1E	A41B	A41C	1	PRG30_8
1E	A41F	A420	1	PRG30_8
1E	A461	A469	4	PRG30_8
1E	A46B	A499	19	PRG30_8
1E	A4A3	A4AD	5	PRG30_8
1E	A4B0	A4D9	20	PRG30_8
1E	A4F5	A50F	13	PRG30_8
1E	A535	A550	16	PRG30_8
1E	A553	A561	9	PRG30_8
1E	A563	A596	23	PRG30_8
1E	A598	A599	1	PRG30_8
1E	A59A	A5A3	5	PRG30_8
1E	A5AD	A5ED	26	PRG30_8
1E	A5EF	A621	25	PRG30_8
1E	A624	A627	2	PRG30_8
1E	A666	A667	1	PRG30_8
1E	A684	A700	60	PRG30_8
1E	A711	A716	3	PRG30_8
1E	A73F	A75E	17	PRG30_8
1E	A7E5	A9C4	233	PRG30_8
1E	A9C8	AB13	168	PRG30_8
1E	AB16	AB19	2	PRG30_8
1E	AB22	AB43	20	PRG30_8
1E	AB52	AC1B	86	PRG30_8
1E	AC92	AD9C	125	PRG30_8
1E	ADA4	ADB1	7	PRG30_8
1E	ADB6	ADC2	5	PRG30_8
1E	ADCE	ADE8	10	PRG30_8
1E	ADED	AE02	9	PRG30_8
1E	AE19	AE22	5	PRG30_8
1E	AE27	AE50	20	PRG30_8
1E	AE52	AE91	35	PRG30_8
1E	AE96	AEBC	21	PRG30_8
1E	AEC1	AEC9	6	PRG30_8
1E	AEE5	AEE6	1	PRG30_8
1E	AEEE	AEF4	4	PRG30_8
1E	AEFC	AEFE	2	PRG30_8
1E	AFE0	B012	24	PRG30_8
1E	B02F	B05C	23	PRG30_8
1E	B061	B064	2	PRG30_8
1E	B0AD	B0B1	2	PRG30_8
1E	B157	B1A3	39	PRG30_8
1E	B1CD	B249	74	PRG30_8
1E	B252	B2A6	56	PRG30_8
1E	B2DE	B2EA	6	PRG30_8
1E	B32A	B381	48	PRG30_8
1E	B3E1	B3F3	7	PRG30_8
1E	B5A3	B5B0	6	PRG30_8
1E	B5B2	B5B3	1	PRG30_8
1E	B722	B729	4	PRG30_8
1E	B72B	B72F	3	PRG30_8
1E	B731	B79C	59	PRG30_8
1E	B7B2	B7CA	11	PRG30_8
1E	BAD7	BAFC	17	PRG30_8
1E	BB1C	BB1E	2	PRG30_8
1E	BBE9	BC21	30	PRG30_8
1E	BD0F	BD10	1	PRG30_8
1E	BD44	BD46	1	PRG30_8
1F	C001	C0D2	83	PRG31
1F	C0E9	C221	149	PRG31
1F	C222	C37B	143	PRG31
1F	C38B	C6FF	473	PRG31
1F	C701	C75E	47	PRG31
1F	C770	C7DC	66	PRG31
1F	C7E1	C7FA	13	PRG31
1F	C7FB	C94B	185	PRG31
1F	C94E	C96F	17	PRG31
1F	C983	C98F	6	PRG31
1F	C996	C9FD	50	PRG31
1F	CA21	CA3D	11	PRG31
1F	CA41	CAAE	50	PRG31
1F	CAD8	CADF	3	PRG31
1F	CAEA	CB1A	21	PRG31
1F	CB1E	CB8B	48	PRG31
1F	CB97	CC23	62	PRG31
1F	CC33	CC43	7	PRG31
1F	CC63	CC75	9	PRG31
1F	CC7D	CC7E	1	PRG31
1F	CC81	CD70	119	PRG31
1F	CD78	CD8B	9	PRG31
1F	CD8E	CDA4	11	PRG31
1F	CDB6	CDC1	6	PRG31
1F	CDC8	CE09	28	PRG31
1F	CE4C	CE66	12	PRG31
1F	CE68	CE80	10	PRG31
1F	CEDD	CEE2	3	PRG31
1F	CEEE	CEEF	1	PRG31
1F	CF00	CF02	1	PRG31
1F	CF91	CFFF	48	PRG31
1F	D000	D011	9	PRG31
1F	D013	D02D	12	PRG31
1F	D036	D039	2	PRG31
1F	D03F	D077	26	PRG31
1F	D078	D0DD	52	PRG31
1F	D0E2	D0E3	1	PRG31
1F	D0EF	D1B9	100	PRG31
1F	D1C9	D1E1	10	PRG31
1F	D1ED	D1F9	5	PRG31
1F	D1FC	D1FF	3	PRG31
1F	D202	D204	2	PRG31
1F	D206	D239	24	PRG31
1F	D241	D277	24	PRG31
1F	D2B7	D2E3	30	PRG31
1F	D2E9	D41A	172	PRG31
1F	D459	D476	15	PRG31
1F	D486	D4A8	15	PRG31
1F	D4AA	D5BB	139	PRG31
1F	D5C0	D710	161	PRG31
1F	D720	D925	251	PRG31
1F	D928	D982	37	PRG31
1F	D99B	D9C8	17	PRG31
1F	D9CB	D9FE	23	PRG31
1F	DA06	DA3B	22	PRG31
1F	DA3E	DA44	2	PRG31
1F	DA47	DA56	6	PRG31
1F	DA59	DA72	10	PRG31
1F	DA75	DA94	17	PRG31
1F	DA97	DA9F	4	PRG31
1F	DAA4	DBBE	132	PRG31
1F	DBC1	DBCD	5	PRG31
1F	DBD0	DBE8	11	PRG31
1F	DBF5	DC01	7	PRG31
1F	DC16	DC20	4	PRG31
1F	DC23	DC2D	4	PRG31
1F	DC30	DC38	3	PRG31
1F	DC3B	DCFC	90	PRG31
1F	DCFF	DD15	14	PRG31
1F	DD1F	DDC1	82	PRG31
1F	DDC4	DDD0	6	PRG31
1F	DDD8	DE24	33	PRG31
1F	DE27	DE7B	36	PRG31
1F	DE92	DEA5	9	PRG31
1F	DECF	DED2	1	PRG31
1F	DEE5	DEEB	4	PRG31
1F	DF7A	DFEF	56	PRG31
1F	DFF1	E3E0	490	PRG31
1F	E402	E419	11	PRG31
1F	E41B	E52C	138	PRG31
1F	E54B	E55F	8	PRG31
1F	E561	E575	8	PRG31
1F	E577	E58B	8	PRG31
1F	E58D	E5A1	8	PRG31
1F	E5A3	E5B7	8	PRG31
1F	E5B9	E5CD	8	PRG31
1F	E5CF	E5E3	8	PRG31
1F	E5E5	E5F9	8	PRG31
1F	E5FB	E615	11	PRG31
1F	E617	E62B	8	PRG31
1F	E62D	E641	8	PRG31
1F	E643	E657	8	PRG31
1F	E659	E66D	8	PRG31
1F	E66F	E7EF	173	PRG31
1F	E7F4	E812	17	PRG31
1F	E866	E869	1	PRG31
1F	E875	E87E	4	PRG31
1F	E884	E89A	9	PRG31
1F	E8F6	E941	33	PRG31
1F	E954	E968	8	PRG31
1F	E970	EAF0	174	PRG31
1F	EAFC	EB96	77	PRG31
1F	EB98	EC45	85	PRG31
1F	EC50	EC7F	20	PRG31
1F	EC85	EC8A	2	PRG31
1F	EC8E	EC98	5	PRG31
1F	ED45	ED49	2	PRG31
1F	ED4B	ED95	39	PRG31
1F	ED99	EE87	115	PRG31
1F	EE8C	EFBE	157	PRG31
1F	EFC0	F051	70	PRG31
1F	F057	F104	80	PRG31
1F	F1F8	F271	54	PRG31
1F	F3FB	F43F	36	PRG31
1F	F453	F471	14	PRG31
1F	F5DB	F5DD	1	PRG31
1F	F620	F624	2	PRG31
1F	F6F3	F6FC	3	PRG31
1F	F710	F712	1	PRG31
1F	F7FB	F803	6	PRG31
1F	F9D0	F9D4	3	PRG31
1F	F9F8	F9FC	3	PRG31
1F	FA2A	FA2D	1	PRG31
1F	FAD0	FAD1	1	PRG31
1F	FB8E	FB91	1	PRG31
1F	FCFA	FD03	4	PRG31
1F	FDFB	FE42	33	PRG31
1F	FE52	FE8D	25	PRG31
1F	FECD	FF5E	68	PRG31
1F	FF74	FF86	10	PRG31
1F	FF8E	FFDF	40	PRG31
