NativeSymbol	ReferenceRoutine	ReferenceEvidence	Status	Notes
dw4::game::Game::tick	None	Native timing and normalized-input contract	Infrastructure	Advances one simulation frame and derives pressed/released masks from explicit input; reference menu repeat and gameplay timing are not yet claimed.
dw4::content::AssetCatalog::load	Asset extractor stage contracts	reference/tools/AssetExtract/extract_assets.py; native/assets/schemas/catalogs-v1.schema.json	Partial	Checks current versioned catalog shapes and raw dialogue records; complete non-dialogue records and cross-references remain unfinished; no original code is executed.
dw4::content::AssetCatalog::dialogue_message	Dialogue extractor record contract	native/assets/schemas/catalogs-v1.schema.json#/$defs/dialogue	Implemented data adapter	Returns stable-ID immutable raw symbol records; does not assign dialogue-control semantics or expose ROM addresses.
dw4::game::Random	NextRandomByte; AdvanceRandomStateByte	reference/src/banks/bank_1F.asm $1F:C891-C8CB; docs/port/BEHAVIOR_NOTES.md approved RNG adaptation	Intentionally adapted	Uses std::mt19937 and uniform_int_distribution with explicit state; original random stream and shared checksum state are not reproduced.
dw4::game::run_replay	None	Native deterministic foundation contract	Infrastructure	Restores initial input/RNG state and evaluates sparse native checkpoints; gameplay and reference parity are not claimed.
dw4::content::ReplayFile	None	native/assets/schemas/replay-v1.schema.json	Implemented foundation codec	Versioned authored replay documents use nlohmann-json and standard engine stream operators; complete gameplay snapshots remain unfinished.
dw4::desktop::GraphicsAssets::load	Graphics extraction contract	reference/tools/AssetExtract/dw4assets/stage_graphics.py; reference/tools/AssetExtract/dw4assets/nes.py GRAY4	Implemented data adapter	Uses SDL3_image PNG decoding and retains exact neutral palette indexes; source addresses are not gameplay identities.
dw4::desktop::GraphicsRenderer	None	SDL3 palette/texture/logical-presentation contracts; software pixel tests	Infrastructure	Draws actual extracted tiles/fonts with palettes, flips, clipping and integer scaling; no original gameplay scene is claimed.
dw4::game::append_metatile; append_window; append_glyphs	None	Native explicit tile-layout contract	Infrastructure	Produces deterministic plain draw commands; scene-specific tile identities and text-control semantics remain unimplemented.
dw4::game::Title	RunChapterTitlePresentation; EnterChapterTitleInteraction	reference/src/banks/bank_1B.asm $1B:A4EF-A580 and $1B:A7B2-A859	Partial	Typed opening/artwork/fade phases are tested; live menu transition waits for the complete adventure-log destination.
dw4::content::TitleData::load	Title presentation data consumers	native/assets/schemas/title-v1.schema.json; scripts/port/extract-native-title.py	Implemented data adapter	Normalized patterns/palettes/draw clips and observed cues are consumed as typed data; no original code or PPU model runs in production.
dw4::desktop::TitleAudio::play	StartAudioTrack	reference/src/banks/bank_1F.asm $1F:EF5B-EF72; observed title track 2 at frame 349	Partial	Uses SDL3 WAV/audio streams; broader loop/interruption policy remains unfinished.
dw4::game::AdventureLog	AdventureLog_DispatchOperationByIndex; ProcessWindowRecordListSelection	reference/src/banks/bank_12.asm $12:AA1D-AC21; reference/src/banks/bank_16.asm $16:A102-A230 and B78C-B79F	Partial	Native log operations and Chapter 1 gameplay creation/Continue are implemented; other chapter startup and the full port remain unfinished.
dw4::desktop::Input	ReadControllers	SDL3 gamepad/keyboard contracts; native virtual-device tests	Intentionally adapted	Maps keyboard and SDL/DualSense devices to explicit masks with focus/hotplug cleanup; no original controller hardware is emulated.
dw4::desktop::AdventureStore	AdventureLog_CreateSlotAndInitializeCharacters; AdventureLog_CopyBlockBetweenPointers	native/assets/schemas/adventure-save-v1.schema.json; native/assets/schemas/adventure-save-v2.schema.json; Windows atomic-replacement contract	Partial	Persists current typed gameplay state with legacy profile compatibility, integrity and backups; active combat retains a checkpoint, not a full battle snapshot; no NES save compatibility.
dw4::desktop::AdventureView::commands	ResolveWindowRecordPointer; EmitWindowFrameRow; EmitMode3WindowFrameFill; QueueListCursorTile	reference/src/banks/bank_16.asm $16:A5A7-A5B6, AA07-AA4E, A334-A355, A3C8-A3F9, A446-A476; reference screenshots 2079/2176/2283	Partial presentation fidelity	Draws retained opaque windows in ROM positions; command, empty-slot and empty name-entry pages have exact pixel gates; manual speed label and extra profile confirmations are native adaptations.
dw4::game::message_speed_delay	BattleMessage_GetSpeedDelay; BattleMessage_StartSpeedDelay	reference/src/banks/bank_12.asm $12:85CA-8636 and delay data $12:8614-861A	Implemented setting semantics	Stored 0-6 means 15/21/27/33/40/46/54-frame automatic battle delays; stored 7 means manual confirmation; complete native dialogue/battle consumption remains unfinished.
dw4::game::new_adventure; chapter_start_position	InitializeChapterSaveState; LoadChapterMapStartRecord	reference/src/banks/bank_12.asm $12:8EAD-91DC; bank_1E.asm $1E:A578-A5AC	Implemented Chapter 1 start	Creates typed roster/party/statistics/equipment/flags/location; other chapter initialization remains separate work.
dw4::game::Dialogue; layout_dialogue	DispatchTextCommandOrAppendCharacter; ShowDialogueAdvancePromptAndWaitInput	reference/src/banks/bank_16.asm $16:8094-81C6 and 8257-8297	Implemented opening dialogue	Shared bounded word-wrap/prompts/substitutions and page progression; all 71 loaded route actor branches have native checks.
dw4::game::Field	DecodeMapEntityIntoRuntimeSlot; IsCandidateTileImpassable; RestoreWorldPositionFromMapRouting	reference/src/banks/bank_1C.asm $1C:98D8-9A73; bank_1D.asm $1D:9916-9925; bank_08.asm $08:B06A-B373	Implemented route rules	Smooth native movement/collision/actors/roof groups and castle/town/world links; complete field timing/event pixel parity is not claimed.
dw4::game::Interaction	Bank15_InterpretEffectScript	reference/src/banks/bank_15.asm $15:98F8-9C78	Implemented route interactions	Bounded typed effects, zero-success predicates, Yes/No branches, flags and semantic shop/callback requests; no original code executes.
dw4::game::Inventory services	ClassifyItemEquipmentType; Shop_LoadItemPrice; Shop_LoadItemSellPrice	reference/src/banks/bank_10.asm $10:85BB-8620,8AE7-8C17; bank_15.asm $15:B2CF-B47C; bank_1E.asm $1E:B3ED-B7C9	Implemented route inventory	Transactional buy/sell/equip/discard/treasure and derived stats; stock/item/price data come from reviewed consumers.
dw4::game::award_experience; growth_random_factor	ApplyLevelUpStatGains; CalculateCharacterGrowthValue; RollThirtyTwoNibbleRandomWord	reference/src/banks/bank_12.asm $12:9C72-A0FA; bank_10.asm $10:A20A-A23C	Implemented progression	EXP curves through 99, multi-level gains, original growth distribution with approved native RNG stream; exporter verifies 16 actual-routine samples.
dw4::game::roll_world_encounter; Battle	TryInitializeRandomEncounter; RollPhysicalAttackDamage; RollBattleTurnOrderByAgility	reference/src/banks/bank_18.asm $18:9BE6-9F34; bank_11.asm $11:99C0-9A83,BEB2-BEE9	Partial battle parity	Playable opening-region physical encounters/rewards/leveling, authentic monster data/art; broader AI/spell/status/formation semantics remain incomplete.
dw4::desktop::GameplaySession	InitializeChapter1MapPresentation; RunTalkCommand; AdventureLog_CommitBlockAndRestoreDisplay	reference opening trace; bank_1E.asm $1E:A4A3-A4B2,80BA-8145; native/assets/schemas/adventure-save-v2.schema.json	Implemented route orchestration	Title/log handoff, Chapter 1 Continue, field/dialogue/inventory/services, full current field state; active combat retains a pre-battle checkpoint.